Sales,Margherita,Price,Price Competitor
20,0,5.69,4.07
26,0,5.97,4.07
41,0,6.19,4.06
123,0,5.78,4.07
32,0,6.19,4.07
33,0,6.09,4.07
565,1,5.01,4.07
48,0,5.23,4.07
524,1,5.03,4.07
37,0,6.09,4.07
129,0,5.03,4.07
46,0,5.78,4.06
186,1,4.74,4.06
76,0,5.78,4.07
279,1,4.5,4.07
24,0,6.29,4.07
38,1,5.79,4.06
42,1,5.42,4.06
26,0,5.79,4.06
34,0,5.79,4.07
30,0,6.36,4.07
75,0,5.78,4.07
44,0,6.17,4.07
16,0,5.69,4.06
86,0,5.78,4.07
62,1,4.74,4.07
111,0,5.48,4.06
80,0,5.78,4.07
62,0,5.79,4.07
22,0,6.39,4.06
50,0,5.81,4.07
85,0,5.89,4.07
101,0,5.89,4.07
62,0,5.78,4.07
25,0,5.78,4.06
42,0,5.89,4.08
33,0,6.09,4.08
102,0,5.61,4.08
36,0,6.19,4.08
42,0,5.79,4.08
210,1,4.69,4.08
57,0,5.87,4.05
200,1,5.01,4.08
84,0,5.79,4.08
14,0,5.79,4.05
82,0,5.78,4.05
23,0,6.39,4.08
21,0,6.39,4.08
56,0,6.37,4.08
40,0,5.64,4.08
19,0,5.69,4.05
33,0,5.73,4.05
116,0,6.29,4.05
159,1,5.12,4.08
89,1,5.08,4.05
138,1,4.69,4.05
305,0,5.68,4.05
38,0,5.78,4.08
85,0,5.78,4.08
75,0,5.78,4.08
83,0,5.79,4.08
31,0,5.89,4.05
52,0,6.29,4.08
147,1,5.36,4.08
29,0,2.75,4.05
41,0,6.19,4.05
194,1,4.75,4.05
102,0,5.79,4.05
387,0,5.31,4.05
25,0,6.19,4.08
52,0,6.09,4.08
50,0,6.19,4.08
53,0,5.48,4.08
127,0,6.19,4.08
21,0,5.26,4.05
61,0,5.67,4.09
279,1,5.0,4.09
35,0,6.19,4.04
26,0,5.99,4.09
52,0,6.19,4.09
37,0,6.09,4.09
15,0,5.78,4.09
17,0,5.69,4.09
46,0,5.63,4.04
137,1,4.75,4.04
25,0,6.27,4.04
117,1,5.02,4.04
143,1,5.69,4.04
238,1,5.01,4.04
30,0,6.17,4.09
231,0,5.59,4.04
12,0,4.82,4.04
5,0,5.89,4.1
117,1,5.53,4.1
67,0,5.89,4.1
68,0,5.59,4.1
44,0,6.29,4.1
69,0,5.58,4.1
56,0,5.78,4.1
359,1,4.09,4.03
199,1,4.99,4.03
40,1,5.79,4.1
207,0,5.7,4.1
55,1,5.03,4.03
133,0,5.59,4.03
37,0,5.89,4.1
62,1,4.63,4.1
42,0,5.89,4.1
238,1,5.03,4.03
132,0,5.59,4.03
42,0,5.69,4.1
51,0,6.09,4.1
36,0,5.78,4.03
46,0,5.79,4.1
176,1,5.0,4.11
44,0,5.48,4.11
72,0,5.78,4.11
35,0,5.79,4.11
34,0,4.99,4.11
109,0,5.89,4.11
28,0,6.29,4.02
228,0,5.0,4.02
36,0,6.19,4.11
40,0,6.19,4.11
27,0,6.09,4.11
95,0,5.38,4.11
93,0,5.78,4.11
179,0,5.59,4.02
380,0,5.29,4.02
84,0,5.48,4.11
19,0,6.22,4.02
34,0,5.89,4.11
60,0,6.09,4.11
69,0,6.32,4.02
30,0,5.69,4.02
52,0,5.99,4.02
92,0,6.19,4.11
22,0,6.47,4.02
23,0,6.49,4.02
26,0,5.79,4.02
66,0,6.22,4.11
40,0,5.78,4.02
33,0,6.09,4.11
75,0,6.19,4.11
112,1,4.7,4.11
65,0,5.79,4.11
38,0,5.78,4.02
83,1,5.3,4.02
22,0,5.69,4.12
23,0,6.09,4.01
32,0,5.78,4.12
36,0,5.99,4.01
15,0,5.96,4.01
235,0,5.79,4.01
78,0,5.88,4.12
44,0,5.95,4.01
32,0,5.69,4.12
46,0,6.09,4.12
29,0,5.89,4.01
89,0,5.89,4.01
96,0,5.89,4.01
56,0,5.69,4.12
180,1,4.95,4.12
11,0,5.89,4.01
30,0,6.3,4.12
44,0,6.28,4.12
19,0,5.49,4.12
132,1,4.5,4.01
14,0,5.69,4.12
211,1,4.75,4.12
34,0,5.69,4.12
65,0,5.69,4.12
69,0,6.19,4.12
58,0,5.79,4.01
125,1,4.88,4.12
65,0,5.78,4.12
519,1,3.99,4.01
12,0,5.89,4.12
53,0,5.61,4.01
58,0,6.19,4.01
76,0,5.78,4.12
26,0,6.19,4.01
13,0,6.19,4.13
56,0,6.19,4.13
39,0,5.78,4.13
89,0,5.78,4.13
25,0,5.66,4.0
242,1,5.0,4.0
26,0,6.39,4.0
78,0,6.09,4.0
48,0,5.67,4.0
359,1,4.3,4.0
372,1,4.39,4.0
44,0,5.79,4.0
110,0,5.82,4.13
56,0,6.09,4.0
62,0,5.78,4.0
69,0,5.84,4.13
79,0,5.78,4.13
64,0,5.79,4.13
23,0,6.39,4.0
39,1,5.79,4.13
46,0,6.3,4.0
118,1,5.02,4.0
40,0,5.97,4.0
44,0,5.96,4.0
166,1,5.01,4.0
91,0,5.56,4.0
283,1,5.0,4.0
55,0,5.71,4.0
9,0,5.25,4.0
21,0,5.15,4.0
49,0,6.29,4.0
136,1,5.11,4.0
177,1,5.04,4.0
24,1,5.5,4.13
64,0,5.78,4.13
43,0,6.21,4.13
60,0,5.78,4.13
33,0,6.18,4.0
80,0,5.79,4.0
73,1,5.05,4.0
223,0,5.59,4.0
78,0,5.79,4.0
133,1,5.03,4.13
75,0,6.09,4.13
96,0,5.59,4.13
29,0,6.09,4.0
57,0,6.29,4.0
96,0,5.05,4.14
58,0,6.19,4.14
78,0,5.78,4.14
69,0,5.78,4.14
63,0,5.79,4.14
117,0,5.48,3.99
107,0,5.48,3.99
107,0,5.48,3.99
55,0,5.79,3.99
112,1,5.1,3.99
79,0,5.89,3.99
19,0,5.79,4.14
55,0,6.22,4.14
47,0,6.19,4.14
61,0,6.19,4.14
51,0,5.99,3.99
158,0,5.59,4.14
83,0,5.59,4.14
26,0,5.79,3.99
79,0,5.79,3.99
63,0,5.78,3.99
24,1,4.99,3.99
42,1,5.79,4.14
45,0,5.81,3.99
15,0,6.39,3.99
40,0,5.99,3.99
44,0,5.78,3.99
42,0,5.78,4.14
36,0,5.78,3.99
54,0,5.48,3.99
27,0,6.09,4.14
42,0,6.19,4.14
72,1,4.75,4.14
198,1,5.01,3.99
49,0,5.48,3.99
126,1,5.0,3.99
241,1,4.99,3.99
545,1,5.0,3.99
192,0,5.9,3.99
441,0,5.54,4.14
34,0,6.29,4.15
58,0,5.84,3.98
138,0,5.59,3.98
125,0,6.19,4.15
129,0,5.59,4.15
70,0,5.61,3.98
119,1,5.35,3.98
221,0,5.86,3.98
114,0,5.23,3.98
59,0,6.29,3.98
58,0,5.89,3.98
83,0,5.89,3.98
158,0,5.89,3.98
29,0,6.23,3.98
69,0,5.89,3.98
160,0,5.89,3.98
76,0,5.78,3.98
34,0,6.19,4.15
48,0,6.29,3.98
426,1,5.0,3.98
37,0,5.99,3.98
139,0,5.47,3.98
86,0,5.12,3.98
34,0,5.99,3.98
245,1,5.07,3.98
259,1,5.02,3.98
415,1,5.01,3.98
110,1,5.0,3.98
76,0,6.19,4.16
104,0,5.59,4.16
6,0,6.39,3.97
106,0,5.04,3.97
36,1,5.79,4.16
35,0,5.78,3.97
202,1,5.01,3.97
65,1,5.62,4.16
73,0,5.87,4.16
33,0,6.29,3.97
40,0,6.23,3.97
50,0,5.22,3.97
34,0,6.09,3.97
32,0,5.78,4.16
441,0,5.23,4.16
132,1,5.06,3.97
50,0,6.09,3.97
171,0,5.0,3.97
19,0,6.19,3.97
72,0,6.19,3.97
40,1,5.0,4.16
138,0,5.79,4.16
85,0,5.72,3.97
286,0,5.0,4.16
24,0,5.69,3.97
27,0,5.69,3.97
87,0,5.29,3.97
73,0,6.19,3.97
110,0,6.21,3.97
57,0,5.76,3.97
70,1,5.04,4.17
33,0,5.48,4.17
16,0,6.11,4.17
63,0,5.99,4.17
75,0,5.61,3.96
72,0,5.78,3.96
123,0,5.79,4.17
50,0,6.19,4.17
15,0,6.2,3.96
36,0,5.79,3.96
34,0,5.69,4.17
482,1,5.01,4.17
92,0,6.26,3.96
48,0,5.79,3.96
50,0,6.19,3.96
99,0,5.29,3.96
48,0,6.18,3.96
193,1,4.57,3.96
167,0,5.59,3.96
88,0,4.55,3.96
141,0,5.59,3.96
25,0,6.19,4.17
296,1,5.02,4.17
459,0,5.26,3.96
115,0,5.59,3.96
49,0,6.29,4.17
59,0,5.63,4.17
209,1,5.03,3.96
44,0,5.79,3.96
158,1,4.7,4.17
30,0,5.99,4.17
15,0,5.69,3.96
117,0,4.98,3.96
60,0,6.15,3.96
49,0,6.09,3.96
34,0,5.99,3.96
17,1,5.79,4.18
35,0,6.24,4.18
18,0,6.29,3.95
24,0,6.09,3.95
38,0,6.09,3.95
64,0,6.09,3.95
112,0,6.09,3.95
53,0,6.19,3.95
62,0,5.89,4.18
70,0,5.69,4.18
33,0,6.29,4.18
20,0,6.39,4.18
106,1,5.0,4.18
59,0,5.79,3.95
64,0,5.57,3.95
43,0,5.78,3.95
175,0,5.04,3.95
348,1,5.01,3.95
345,1,5.01,3.95
39,0,6.19,3.95
143,1,5.01,3.95
144,1,5.03,3.95
370,1,5.13,3.95
8,0,6.29,3.95
381,0,5.3,3.95
47,0,5.79,4.18
27,0,5.69,3.95
36,0,5.95,3.95
71,0,5.91,3.95
119,0,5.89,3.95
63,0,5.48,3.95
67,0,6.19,3.95
66,0,6.3,4.18
43,0,5.99,3.95
95,0,5.89,3.95
59,0,6.29,3.95
14,0,5.89,4.18
82,0,6.21,3.95
87,0,5.29,3.95
85,1,4.99,3.95
45,0,6.27,3.95
36,0,6.29,4.19
381,1,4.69,4.19
104,1,5.07,3.94
63,0,5.77,3.94
37,0,5.99,4.19
17,0,6.29,3.94
75,0,5.79,3.94
69,0,5.89,3.94
79,0,5.32,4.19
40,0,5.79,3.94
36,1,4.99,3.94
112,0,5.79,3.94
64,0,6.25,4.19
31,0,5.98,3.94
62,0,6.29,3.94
783,0,5.0,3.94
467,0,4.64,3.94
72,0,5.59,4.19
14,0,5.69,3.94
55,0,5.2,3.94
18,0,5.33,4.19
32,0,5.89,4.19
20,0,5.89,4.19
40,0,5.79,3.94
45,0,6.49,4.19
62,0,5.67,4.19
79,0,5.48,4.19
31,0,6.22,4.19
74,0,6.24,4.19
98,1,5.04,3.94
100,0,4.99,3.94
103,0,5.69,4.19
82,0,5.89,4.19
35,0,5.78,3.94
37,0,5.99,3.94
49,0,6.19,3.94
9,0,5.89,4.19
79,0,5.74,3.94
273,0,5.3,4.2
127,0,5.79,4.2
55,0,6.19,3.93
40,0,4.99,3.93
41,0,6.19,3.93
322,1,5.03,4.2
48,0,5.53,4.2
66,0,4.45,4.2
107,0,5.62,4.2
26,0,5.99,4.2
33,0,5.94,4.2
128,0,5.99,3.93
114,0,5.99,3.93
19,0,6.22,3.93
45,0,6.28,4.2
53,0,6.13,4.2
527,1,4.39,4.2
33,0,6.29,3.93
34,0,5.87,3.93
131,0,6.19,3.93
29,0,3.03,4.2
97,0,5.59,4.2
37,1,5.79,3.93
177,0,5.01,3.93
153,0,4.98,4.2
1145,0,4.75,4.2
69,0,6.19,3.93
90,0,5.78,3.93
109,0,6.09,3.93
65,0,5.48,4.2
210,1,5.02,3.93
71,0,6.29,3.93
39,0,5.79,3.93
68,0,6.19,3.93
41,1,5.58,4.21
58,0,6.29,3.92
84,0,6.09,3.92
50,0,6.19,4.21
20,0,5.58,3.92
125,1,4.94,3.92
77,0,5.57,3.92
9,0,6.29,3.92
27,0,4.49,3.92
66,0,5.56,3.92
140,0,5.01,3.92
21,0,6.19,3.92
30,0,6.46,3.92
131,1,5.71,3.92
77,0,5.89,3.92
120,0,5.11,4.21
91,1,5.38,4.21
36,0,5.69,3.92
171,1,5.03,3.92
17,0,5.79,3.92
28,0,5.94,3.92
24,0,6.09,3.92
51,0,5.79,3.92
70,0,6.19,4.21
76,0,5.79,3.92
56,0,6.19,3.92
13,0,6.16,4.21
55,0,5.92,3.92
184,1,5.01,3.92
71,0,5.71,3.92
119,1,4.6,3.92
196,0,4.75,4.21
124,0,3.99,4.21
80,0,5.79,4.21
34,0,5.99,4.21
33,0,6.29,3.92
71,1,5.58,3.92
70,0,6.14,3.92
57,0,5.78,3.91
66,0,5.89,3.91
78,0,5.18,3.91
80,0,5.78,3.91
73,0,5.06,3.91
155,0,5.64,4.22
141,0,5.79,3.91
10,0,2.75,3.91
51,0,5.89,3.91
27,0,5.99,4.22
145,1,5.0,4.22
65,0,5.58,4.22
168,0,5.0,4.22
35,0,6.19,3.91
42,0,6.29,3.91
80,0,5.59,3.91
9,0,5.79,4.22
23,0,5.78,4.22
48,0,5.78,4.22
141,0,6.19,4.22
70,0,5.75,3.91
92,0,6.19,3.91
6,1,5.79,4.22
27,0,5.79,4.22
70,0,5.89,3.91
101,0,5.03,3.91
82,0,5.89,3.91
164,0,5.0,3.91
51,0,5.78,3.91
91,0,5.59,3.91
92,0,5.89,3.91
94,0,5.89,4.22
9,0,6.21,4.23
31,0,5.79,3.9
176,0,5.59,4.23
5,0,5.79,3.9
63,0,5.48,3.9
479,1,4.08,3.9
30,0,6.29,3.9
104,0,5.59,4.23
213,1,5.0,4.23
34,0,6.09,3.9
561,0,5.0,3.9
345,0,5.0,3.9
451,0,5.0,3.9
315,0,5.0,3.9
38,0,6.39,4.23
288,0,5.18,4.23
34,0,5.99,4.23
47,0,6.2,4.23
105,1,5.01,3.9
70,0,6.03,3.9
55,0,5.99,3.9
40,0,6.25,3.9
29,0,5.99,4.23
64,0,5.5,4.23
16,0,5.69,3.9
76,0,5.72,3.9
50,0,6.09,3.9
350,1,5.05,4.23
32,0,6.29,3.9
75,0,5.99,3.9
62,0,5.77,3.9
41,0,5.99,3.9
194,0,5.0,4.24
40,0,5.89,4.24
84,0,5.79,4.24
78,0,6.26,3.89
55,1,5.5,3.89
81,0,5.78,4.24
104,0,6.22,3.89
73,0,4.73,3.89
50,1,5.79,3.89
76,0,5.99,4.24
28,0,5.69,3.89
15,0,6.19,3.89
25,0,5.69,3.89
41,0,5.69,3.89
34,0,5.69,3.89
48,0,6.29,3.89
186,0,5.59,3.89
69,1,5.79,4.24
9,0,6.29,4.24
45,0,6.09,3.89
67,0,5.94,3.89
714,1,5.01,4.24
47,0,6.25,3.89
205,0,4.98,3.89
360,1,5.8,4.24
13,0,5.75,4.24
28,0,5.79,4.25
101,0,2.5,4.25
56,0,5.78,4.25
72,0,5.89,4.25
86,0,5.89,3.88
84,0,5.0,3.88
164,1,5.02,4.25
31,1,5.21,3.88
153,1,5.02,3.88
27,0,4.99,4.25
55,0,6.29,4.25
18,0,6.19,4.25
117,0,5.78,4.25
27,0,5.69,3.88
39,0,5.69,4.25
42,0,6.09,3.88
62,0,4.75,3.88
94,0,5.97,3.88
69,0,5.99,3.88
87,0,5.6,3.88
70,0,5.75,3.88
97,0,5.99,3.88
34,0,5.95,3.88
90,0,5.99,3.88
45,0,5.79,3.88
131,0,5.99,3.88
94,0,5.99,3.88
139,0,5.99,3.88
106,0,5.89,3.88
150,0,5.89,3.88
81,0,5.77,3.88
8,0,5.89,3.88
34,0,6.29,3.88
92,0,5.41,3.88
231,1,5.01,3.88
183,1,5.03,3.88
176,0,5.29,3.88
86,0,5.99,3.88
46,0,6.09,3.88
106,0,2.5,3.88
158,1,5.02,3.88
42,0,5.99,3.88
108,0,5.99,3.88
237,1,5.13,3.88
208,1,5.01,4.25
31,0,5.78,4.25
19,0,5.79,4.25
154,1,5.03,3.88
121,1,5.0,3.88
124,0,5.5,3.88
137,0,5.12,3.88
293,1,5.33,3.88
166,1,5.04,3.88
36,0,5.99,4.26
184,1,4.44,4.26
39,0,5.99,4.26
94,1,4.99,3.87
59,1,4.98,3.87
56,0,5.89,3.87
206,0,6.19,3.87
31,0,6.23,4.26
49,0,6.21,4.26
377,0,4.75,4.26
56,0,5.42,4.26
58,0,5.4,4.26
264,0,5.01,3.87
43,0,6.29,3.87
185,0,4.98,3.87
37,0,5.79,4.26
179,0,5.0,4.26
88,0,5.89,4.26
108,0,5.69,4.26
47,0,5.99,3.87
9,0,5.79,4.26
21,0,6.39,3.87
33,0,6.19,3.87
28,0,5.78,3.87
111,0,5.0,3.87
36,0,6.29,3.87
54,0,6.19,4.26
25,0,5.69,3.87
48,0,6.19,3.87
50,0,5.78,3.87
224,0,5.59,3.87
117,0,5.89,3.87
39,0,5.89,4.27
53,0,5.99,4.27
79,0,5.89,4.27
93,0,5.89,3.86
124,0,5.89,3.86
42,0,6.19,4.27
86,0,5.55,3.86
94,0,5.72,3.86
22,0,6.16,3.86
38,0,6.22,3.86
32,0,6.23,3.86
45,0,6.23,3.86
50,0,6.19,4.27
87,0,5.79,4.27
32,0,5.89,3.86
166,1,4.99,3.86
191,1,4.73,3.86
124,0,5.18,4.27
65,0,6.28,3.86
183,1,5.01,3.86
54,0,6.29,3.86
19,0,5.79,3.86
79,1,5.68,3.86
18,0,5.0,3.86
28,0,5.52,3.86
87,0,5.79,3.86
266,1,5.05,3.86
232,1,4.99,3.86
220,0,5.59,3.86
20,0,5.79,3.86
42,0,5.83,3.86
107,1,5.01,3.86
95,0,5.73,3.86
95,1,5.01,3.86
219,1,4.99,3.86
12,0,6.29,3.86
131,1,5.01,3.86
43,0,6.23,3.85
94,0,5.79,3.85
33,0,5.69,4.28
14,1,5.79,3.85
27,0,5.97,3.85
78,0,5.17,3.85
48,0,5.79,3.85
116,0,5.99,3.85
96,0,5.79,3.85
95,0,5.99,3.85
87,0,5.99,3.85
168,0,5.05,3.85
113,0,5.99,3.85
57,0,5.89,4.28
26,0,6.49,4.28
137,0,5.98,4.28
36,0,5.78,3.85
197,1,5.04,3.85
89,0,5.67,3.85
45,1,5.57,3.85
66,0,6.19,3.85
59,0,5.46,3.85
13,0,5.79,4.28
25,0,5.84,3.85
47,0,5.89,4.28
54,0,5.89,4.28
23,0,6.49,4.28
59,0,5.78,4.28
28,0,5.99,3.85
78,0,5.99,3.84
227,1,5.01,3.84
265,1,4.59,3.84
62,0,5.78,4.29
57,0,5.0,3.84
43,0,5.51,3.84
32,0,5.79,4.29
38,0,6.19,3.84
88,0,5.49,4.29
106,0,5.59,4.29
26,0,6.35,4.29
63,0,6.3,3.84
124,0,5.2,3.84
139,0,5.2,3.84
71,0,5.78,3.84
64,0,5.62,4.29
108,0,2.5,3.84
31,0,5.89,4.29
37,0,5.89,4.29
34,0,5.89,4.29
51,0,5.78,4.29
31,0,5.99,3.84
59,0,6.19,3.84
21,0,6.29,3.84
60,0,6.09,3.83
13,0,5.79,4.3
43,0,5.99,3.83
15,0,6.39,3.83
57,0,5.64,3.83
30,0,6.09,3.83
163,0,5.18,4.3
30,0,5.69,4.3
41,0,5.69,4.3
82,0,5.69,4.3
29,0,6.09,4.3
73,0,5.79,4.3
143,0,3.99,4.3
58,0,5.63,4.3
66,0,5.99,4.3
50,0,5.64,4.3
122,1,5.12,4.3
77,0,5.99,4.3
91,0,5.99,4.3
108,0,5.99,4.3
55,0,5.99,4.3
26,0,5.79,3.83
57,0,5.78,3.83
7,0,6.29,3.83
73,0,5.79,3.83
173,0,6.19,4.3
74,0,5.48,3.83
166,0,5.0,3.83
79,0,5.76,4.3
32,0,5.79,3.83
78,0,6.09,3.83
103,0,5.56,4.3
222,0,5.59,4.3
54,0,4.49,3.83
25,0,6.26,3.83
51,0,5.48,3.83
100,0,5.89,3.83
150,0,5.59,4.31
51,0,6.09,3.82
48,0,5.78,3.82
91,0,5.89,3.82
31,0,5.14,4.31
216,0,5.53,4.31
110,0,6.34,3.82
305,1,5.0,4.31
274,1,4.74,4.31
259,0,5.54,3.82
65,0,6.29,4.31
94,0,5.5,3.82
45,0,6.19,3.82
84,0,5.48,3.82
182,0,5.18,3.82
210,1,5.02,4.31
49,0,5.89,3.82
29,0,5.89,3.82
45,0,5.79,3.82
19,0,5.96,3.82
85,0,5.89,3.82
155,0,4.98,3.82
10,0,6.29,3.82
39,0,5.99,3.82
21,0,6.49,3.82
51,0,6.22,4.31
161,1,4.8,3.82
60,0,6.19,4.31
92,0,5.89,4.31
61,0,5.79,3.82
40,0,6.27,3.82
78,0,5.78,3.82
47,0,6.19,3.82
32,0,5.69,4.32
29,0,5.69,4.32
64,0,5.78,3.81
102,0,5.78,3.81
55,0,5.89,3.81
43,0,5.89,3.81
44,0,5.93,3.81
42,0,6.45,3.81
106,0,5.89,4.32
101,0,5.89,4.32
81,0,6.25,3.81
20,0,5.69,3.81
63,0,5.79,3.81
135,0,4.98,3.81
35,0,5.49,3.81
155,1,5.03,4.32
48,0,5.79,3.81
25,0,5.53,3.81
111,0,5.88,3.81
25,0,6.29,3.81
58,0,5.64,3.81
383,0,3.99,4.32
89,0,5.95,4.32
7,0,6.29,3.81
66,0,6.19,3.81
53,0,5.89,4.32
81,0,5.89,4.32
66,0,5.38,4.32
70,0,5.89,4.32
363,0,4.63,4.32
100,0,5.89,4.32
89,0,5.88,4.32
83,0,5.88,4.32
26,0,5.89,3.81
52,0,5.53,3.81
277,1,5.02,3.81
22,0,5.79,3.81
35,0,5.79,3.81
188,0,5.43,3.81
26,0,5.79,4.33
45,0,5.93,3.8
13,1,4.99,4.33
13,0,5.99,4.33
17,0,5.89,4.33
69,0,5.73,3.8
25,0,5.96,3.8
63,0,5.5,3.8
27,0,6.09,3.8
46,0,4.98,4.33
61,0,6.26,3.8
54,1,5.92,3.8
13,0,5.79,4.33
47,0,6.23,4.33
54,0,5.42,3.8
56,0,6.29,3.8
52,0,5.85,3.8
147,0,5.89,3.8
23,0,5.69,3.8
94,1,4.73,3.79
47,0,6.2,3.79
45,0,5.89,3.79
47,0,6.29,3.79
51,0,5.54,3.79
67,0,5.59,4.34
204,0,5.59,4.34
81,0,6.29,4.34
106,1,4.74,3.79
55,0,5.5,3.79
22,0,5.78,3.79
31,0,6.29,3.79
27,0,5.79,3.79
84,0,5.89,4.34
35,0,5.89,4.34
97,0,5.65,4.34
142,0,5.78,4.34
51,0,6.19,3.79
417,0,5.0,3.79
89,0,5.51,4.34
67,0,5.66,4.34
135,1,4.5,3.79
75,0,5.79,3.79
261,1,4.5,4.34
63,1,5.04,3.79
97,1,5.54,3.79
293,1,4.67,3.79
218,1,4.99,3.79
32,0,5.78,3.78
70,0,5.01,3.78
87,0,5.52,3.78
103,0,5.59,4.35
27,0,6.28,3.78
94,0,6.42,3.78
209,0,4.93,3.78
180,1,4.68,3.78
54,0,6.1,3.78
23,0,6.29,3.78
11,0,5.79,3.78
34,0,5.99,3.78
38,0,5.99,3.78
44,0,6.29,4.35
18,1,5.79,3.78
71,0,6.19,3.78
77,0,5.69,3.78
33,0,6.29,3.78
25,0,5.89,3.78
59,0,5.47,4.35
68,0,5.82,3.78
29,1,5.54,3.78
47,0,6.27,3.78
73,0,6.28,3.78
21,0,5.79,3.78
114,0,5.89,3.78
81,1,5.0,3.78
22,0,4.99,3.78
148,0,4.97,3.78
24,0,5.69,4.35
43,0,5.69,4.35
14,0,5.79,3.78
95,0,5.88,3.78
65,1,5.56,3.77
25,0,5.69,3.77
15,0,5.69,3.77
59,0,5.79,3.77
32,0,5.93,3.77
143,0,5.79,3.77
26,0,6.49,3.77
35,0,5.69,3.77
40,0,5.69,3.77
53,0,5.69,3.77
41,0,6.49,3.77
21,0,6.23,3.77
42,0,5.99,3.77
71,0,5.99,3.77
67,0,5.62,3.77
58,0,5.99,3.77
49,0,5.79,3.77
66,0,5.99,3.77
117,0,5.99,3.77
67,0,5.78,3.77
30,0,5.79,3.77
56,0,5.79,3.77
167,1,5.79,3.77
70,0,6.09,3.77
141,1,5.02,3.77
172,1,5.03,3.77
29,0,6.19,4.36
39,0,6.09,3.77
87,0,5.68,3.77
148,0,5.01,3.77
153,1,4.74,4.37
37,0,5.99,4.37
97,0,5.89,4.37
48,0,6.09,3.76
139,1,4.58,3.76
35,0,5.8,3.76
117,1,5.01,3.76
22,0,6.09,3.76
47,0,6.28,4.37
94,1,5.24,3.76
309,0,5.59,4.37
813,0,5.05,3.76
59,0,5.79,3.76
34,0,6.49,3.76
27,0,5.79,3.76
123,0,5.99,3.76
64,0,5.95,3.76
64,0,6.24,3.76
32,0,5.79,4.37
396,0,4.75,4.37
47,0,5.79,4.37
486,0,4.75,4.37
591,0,4.75,4.37
306,0,3.99,4.37
261,0,4.15,4.37
56,0,5.5,4.37
73,0,5.78,4.37
77,0,4.99,3.76
51,0,6.3,3.76
33,0,5.79,4.37
31,0,5.99,4.37
67,0,5.61,4.37
24,0,6.09,3.76
155,1,5.49,3.76
55,0,5.79,4.38
23,0,6.29,3.75
29,0,5.06,3.75
77,0,5.79,4.38
38,0,5.69,3.75
20,0,6.29,3.75
17,0,6.29,3.75
50,0,6.29,3.75
136,0,6.29,3.75
52,0,6.19,3.75
148,1,5.04,3.75
134,0,5.0,3.75
60,0,5.51,3.75
113,0,5.19,4.38
99,0,5.87,4.38
137,0,4.75,4.38
1053,1,2.65,4.38
103,0,5.87,4.38
110,0,4.75,4.38
80,0,5.89,4.38
324,0,4.79,4.38
117,0,5.34,4.38
79,0,5.79,3.75
28,0,5.78,3.75
57,1,6.49,3.75
25,0,6.19,3.75
22,0,6.22,3.75
87,0,4.48,3.75
45,0,6.25,3.75
141,0,5.79,3.75
46,0,5.89,4.38
111,1,4.99,3.75
41,0,6.29,3.75
240,0,5.71,3.75
149,0,5.0,4.38
73,0,6.24,3.75
80,0,5.75,4.38
14,0,5.99,3.75
66,0,5.5,3.75
99,0,5.89,3.75
48,0,6.19,3.75
59,0,5.78,3.75
46,0,6.29,3.75
41,0,6.23,3.75
13,0,5.79,3.75
62,0,5.79,3.75
21,0,5.69,3.75
41,0,6.28,3.75
46,0,6.31,3.75
46,0,6.28,3.75
48,0,5.79,3.75
57,0,6.3,3.75
27,0,6.24,3.75
203,1,5.0,4.39
75,0,6.29,3.74
62,0,6.29,3.74
185,0,6.29,3.74
53,0,5.79,4.39
19,0,5.69,3.74
84,1,5.06,3.74
48,0,5.69,3.74
59,0,5.69,3.74
260,0,3.5,4.39
43,0,5.24,4.39
31,0,5.89,3.74
66,1,4.99,3.74
25,0,5.79,3.74
61,0,5.57,3.74
189,0,6.19,3.74
140,0,5.63,3.74
213,0,5.09,3.74
84,0,5.82,3.74
15,0,6.23,4.39
33,0,5.79,4.39
28,0,6.29,3.74
47,0,6.19,3.74
180,0,6.19,3.74
48,0,5.79,4.39
18,0,5.79,3.74
160,0,5.59,3.74
102,1,5.12,3.74
2,0,5.79,4.39
125,0,5.79,4.39
108,0,5.79,4.39
49,0,6.22,4.39
35,0,5.69,3.74
19,0,5.69,3.74
88,0,5.48,3.74
102,0,5.06,4.39
144,1,5.03,4.39
147,1,4.73,4.39
63,0,5.78,4.39
132,1,5.04,3.74
26,0,6.19,3.74
27,0,6.19,3.73
110,0,4.98,3.73
43,0,5.79,4.4
55,0,5.5,3.73
55,0,5.84,3.73
73,0,5.97,4.4
40,0,6.49,3.73
102,0,6.43,3.73
47,0,6.09,3.73
60,0,5.0,3.73
42,0,5.95,4.4
44,0,5.78,3.73
89,0,5.78,3.73
38,0,6.49,3.73
31,0,5.43,3.73
40,0,5.5,3.73
43,0,6.29,3.73
20,0,5.79,4.4
43,0,5.78,3.73
102,0,5.72,3.73
93,0,5.36,3.73
110,0,5.64,3.73
201,0,4.53,3.73
60,0,5.83,3.73
25,0,6.26,3.73
26,0,5.69,4.41
63,0,5.89,3.72
39,0,5.76,3.72
13,0,6.3,3.72
180,0,4.98,3.72
55,0,5.77,3.72
52,0,6.19,3.72
37,0,5.99,4.41
154,0,5.64,3.72
65,0,5.89,3.72
63,0,5.89,3.72
99,0,5.38,3.72
112,0,4.98,3.72
47,1,5.0,3.72
31,0,5.99,3.72
20,0,6.27,3.72
109,1,4.77,4.41
13,0,5.79,3.72
74,0,5.38,3.72
319,0,5.0,3.72
29,0,6.19,3.72
405,0,5.01,3.72
16,0,5.69,3.72
21,0,6.29,3.72
91,0,5.99,4.41
78,1,5.79,3.72
50,0,5.99,3.72
44,0,5.71,4.41
23,0,6.19,3.72
40,0,5.69,3.72
85,0,5.68,3.72
217,0,6.19,3.72
854,0,4.96,3.71
472,1,4.7,3.71
99,0,5.78,3.71
46,0,5.79,4.42
11,0,5.79,3.71
70,0,5.79,3.71
24,0,6.33,3.71
18,0,6.38,3.71
52,0,6.29,3.71
70,0,5.35,3.71
27,0,5.79,3.71
68,1,5.82,3.71
44,0,5.78,3.71
84,0,5.08,3.71
125,0,5.0,3.71
35,0,5.79,4.42
72,0,5.79,4.42
31,0,5.69,3.71
101,1,4.99,3.71
186,1,4.99,3.71
68,0,5.48,3.71
69,0,5.69,4.42
113,0,5.59,4.42
108,0,5.99,4.42
278,0,5.0,3.71
77,0,5.41,4.43
16,0,6.19,3.7
84,0,5.01,3.7
22,0,6.22,4.43
30,1,5.1,3.7
51,0,6.19,3.7
50,0,5.89,3.7
79,0,6.23,3.7
65,0,5.59,4.43
74,0,5.5,3.7
39,0,6.49,3.7
53,0,5.79,3.7
79,0,5.55,3.7
54,0,5.79,3.7
63,0,5.79,3.7
86,0,5.79,4.43
59,0,6.49,3.7
51,0,5.87,3.7
25,0,6.09,3.7
52,0,6.09,3.7
25,0,5.79,4.43
38,0,5.79,4.43
28,0,5.69,4.43
24,0,5.69,4.43
44,0,5.69,4.43
23,0,6.23,3.7
254,0,5.0,3.7
65,0,6.29,3.7
64,0,5.69,3.7
48,0,5.79,4.43
95,0,5.89,4.43
88,1,5.56,3.7
66,0,6.09,3.7
65,0,5.89,4.43
117,1,4.5,3.7
21,0,6.2,3.7
64,0,6.23,3.7
91,1,5.4,3.69
74,0,5.79,3.69
56,0,5.59,3.69
30,0,5.99,3.69
24,0,6.19,3.69
40,0,6.19,3.69
37,0,6.25,3.69
217,1,5.02,4.44
68,0,5.5,3.69
12,0,6.28,3.69
114,1,5.0,3.69
48,0,5.79,3.69
53,0,6.09,3.69
67,0,5.59,4.44
56,0,5.79,4.44
71,0,4.99,3.69
68,0,5.79,4.44
52,0,6.19,3.69
36,1,5.63,3.69
50,0,6.07,3.69
31,0,5.95,3.69
67,0,5.79,4.44
45,0,6.29,3.69
34,0,5.69,3.69
26,0,5.93,3.69
79,1,5.13,3.69
76,0,5.79,3.69
60,0,6.28,3.69
13,0,5.99,3.69
22,0,5.69,3.69
23,0,5.69,3.69
70,0,6.36,3.69
34,0,5.69,3.69
55,0,5.69,3.69
37,0,6.29,3.69
122,0,4.64,3.69
99,0,5.97,3.69
35,0,5.99,3.68
66,0,5.79,4.45
60,0,6.09,3.68
48,0,5.89,4.45
72,0,5.59,4.45
61,0,5.55,3.68
51,0,6.02,3.68
62,0,5.5,3.68
55,0,5.79,4.45
160,0,6.29,3.68
55,0,5.65,3.68
244,1,4.62,3.68
35,0,6.29,3.68
29,0,5.99,3.68
85,0,5.26,4.45
35,0,6.21,4.45
149,0,5.0,3.68
305,1,4.55,4.45
19,0,6.29,3.68
100,0,5.49,3.68
58,0,6.29,3.67
33,0,5.87,3.67
26,0,6.49,3.67
59,0,6.42,3.67
61,0,5.95,3.67
72,0,5.99,3.67
62,0,5.97,3.67
86,0,5.73,3.67
51,0,6.29,4.46
33,0,5.79,4.46
67,0,6.19,3.67
41,1,5.79,3.67
70,0,6.09,3.67
179,1,4.99,3.67
93,0,5.78,3.67
197,0,5.59,4.46
92,0,5.89,4.46
124,0,5.59,4.46
560,1,3.99,4.46
107,0,5.59,4.46
19,0,6.24,3.67
120,0,5.0,3.67
36,0,5.96,3.67
96,0,5.8,3.67
162,0,6.19,3.67
29,0,6.09,3.67
63,0,5.64,3.67
125,0,5.0,3.67
44,0,5.79,4.46
58,0,5.69,4.46
32,0,6.19,3.66
46,0,6.19,3.66
48,1,5.57,3.66
53,0,6.15,3.66
22,0,6.29,3.66
46,0,5.99,4.47
13,0,5.99,4.47
86,0,5.0,3.66
77,0,5.45,3.66
31,0,5.69,3.66
145,1,5.0,3.66
42,0,5.95,3.66
67,0,6.25,3.66
74,1,5.0,4.47
41,0,6.19,3.66
43,0,6.09,3.66
269,0,5.0,3.66
43,0,6.29,3.66
69,0,5.79,3.66
36,0,5.21,3.66
86,0,6.09,3.66
90,0,6.09,3.66
66,0,6.09,3.66
82,0,5.89,4.47
59,0,6.23,3.66
39,0,6.09,3.66
100,1,4.87,3.66
55,0,5.79,4.47
81,1,5.2,3.66
157,1,4.96,3.66
33,0,5.78,3.66
78,0,5.79,4.47
54,0,5.89,3.66
114,0,6.29,3.65
29,0,5.69,3.65
100,0,5.78,3.65
52,0,5.99,3.65
34,0,5.99,3.65
33,0,5.97,3.65
42,0,6.09,3.65
15,0,5.79,3.65
60,0,5.48,3.65
49,0,5.79,3.65
51,0,6.09,3.65
13,0,5.79,4.48
16,0,6.39,3.65
31,0,5.94,3.65
39,0,6.09,3.65
79,0,6.19,3.65
83,0,5.54,4.48
67,0,5.53,4.48
69,0,5.5,3.65
66,0,5.28,3.65
44,0,5.99,3.65
31,0,5.79,3.65
69,0,5.43,3.65
60,0,5.79,3.65
61,0,6.29,3.65
35,0,2.53,4.48
75,0,6.19,3.65
343,1,5.3,4.48
49,0,5.79,4.48
41,0,5.47,3.65
24,0,5.79,3.65
115,1,4.88,3.65
48,0,5.69,4.49
160,0,5.18,3.64
108,0,5.78,3.64
9,0,5.79,3.64
38,0,6.29,3.64
76,1,5.01,3.64
34,0,5.64,3.64
120,0,4.99,3.64
26,0,6.29,3.64
70,0,5.48,4.49
27,0,6.09,3.64
42,0,6.19,3.64
40,0,6.09,3.64
22,0,6.09,3.64
37,0,6.19,3.64
121,0,6.19,3.64
61,0,6.09,3.64
122,0,6.19,3.64
83,0,6.09,3.64
76,0,6.09,3.64
126,0,6.19,3.64
59,0,5.79,4.49
18,0,5.99,3.64
23,1,5.79,3.64
47,0,5.89,4.49
71,1,4.99,3.64
44,0,5.59,3.64
75,0,6.26,4.49
31,0,5.79,4.49
32,0,6.45,4.49
77,0,5.6,4.49
28,0,4.99,3.64
91,1,5.04,3.64
112,1,5.05,3.64
94,0,5.59,4.49
17,0,5.69,3.64
44,0,6.19,3.64
37,0,6.29,3.64
301,1,5.04,3.64
30,0,6.29,4.49
41,0,6.23,3.64
29,0,5.79,3.64
52,0,5.78,3.64
160,0,5.0,3.64
41,0,5.89,4.49
57,0,6.23,3.64
58,0,6.19,3.64
55,0,6.29,3.64
295,0,5.02,3.64
58,0,5.99,3.64
58,1,5.16,3.64
125,0,5.02,3.64
52,0,6.09,3.64
49,0,5.92,3.64
107,1,5.78,4.5
47,0,6.29,3.63
19,0,5.78,3.63
32,0,6.09,3.63
55,0,5.48,4.5
60,0,5.89,4.5
51,0,5.79,3.63
22,0,6.27,3.63
55,0,6.19,3.63
45,0,4.99,3.63
19,0,6.19,3.63
93,1,5.03,3.63
39,0,5.89,3.63
16,0,5.79,4.5
34,1,6.34,3.63
23,0,5.69,3.63
29,0,5.79,3.63
129,1,4.59,3.63
48,0,4.99,3.63
68,0,5.61,4.5
55,0,5.69,4.5
166,0,5.25,3.63
230,1,5.25,3.63
201,1,4.83,3.63
51,0,5.71,3.63
101,1,5.03,3.63
32,0,5.78,3.63
30,0,5.89,3.62
82,1,4.87,3.62
185,1,5.04,3.62
26,0,5.89,4.51
44,1,5.38,3.62
88,1,5.79,3.62
120,0,5.0,3.62
194,1,5.0,4.51
152,1,4.75,4.51
53,0,5.87,3.62
34,0,6.09,3.62
51,0,5.79,3.62
76,0,6.19,3.62
92,0,5.06,3.62
63,0,6.19,3.62
38,0,5.69,3.62
80,0,5.79,3.62
118,0,5.03,3.62
37,0,5.78,3.62
75,0,5.79,4.51
64,0,6.09,4.51
40,0,5.99,3.62
23,0,6.09,3.61
191,1,4.77,3.61
251,1,4.71,3.61
157,0,5.0,3.61
68,0,5.99,4.52
44,0,5.69,4.52
48,0,6.19,3.61
124,0,5.56,3.61
48,0,5.89,4.52
162,0,6.19,4.52
269,0,5.79,3.61
136,0,6.21,3.61
102,0,5.58,3.61
77,0,4.75,4.52
72,0,5.67,4.52
17,0,5.79,4.52
249,0,5.47,4.52
92,0,5.59,4.52
44,0,5.99,3.61
254,1,4.5,3.61
55,0,5.58,4.52
79,0,5.6,4.52
32,0,6.19,3.61
50,0,6.19,3.61
26,0,5.69,3.61
21,0,6.28,3.61
36,0,6.09,3.61
36,0,6.27,3.6
94,0,6.26,3.6
152,0,4.99,3.6
287,0,5.0,3.6
29,0,6.09,3.6
214,1,5.1,4.53
38,0,4.99,3.6
37,0,6.19,3.6
19,0,6.28,3.6
45,0,6.09,3.6
63,0,5.79,3.6
101,0,5.69,4.53
37,0,6.29,3.6
43,0,6.29,3.6
57,0,6.19,3.6
355,0,5.0,4.53
91,0,6.19,3.6
34,0,6.19,3.6
50,0,5.78,3.6
90,0,6.19,3.6
44,0,6.19,3.6
56,0,6.19,3.6
58,0,6.19,3.6
85,0,6.19,3.6
49,0,6.19,3.6
64,0,6.19,3.6
78,0,6.19,3.6
26,0,5.61,4.53
139,0,5.05,4.53
367,1,4.51,4.53
12,0,6.29,3.6
32,0,6.19,3.6
30,0,6.27,4.53
100,0,5.08,3.6
78,0,6.29,3.6
49,0,5.78,3.6
77,0,5.0,3.6
237,1,4.81,3.6
42,0,6.36,3.6
56,0,6.39,3.6
217,1,5.2,4.53
21,0,5.79,4.53
64,0,5.59,4.53
41,0,5.78,3.6
151,1,4.99,3.6
113,0,5.56,3.6
58,0,6.29,3.6
63,0,6.29,3.6
56,0,5.31,4.53
121,0,5.6,4.53
37,0,5.69,3.6
26,0,5.78,3.6
25,0,5.79,3.6
253,1,4.72,3.6
26,0,6.09,3.6
32,0,5.78,3.6
36,0,6.29,3.6
47,1,5.79,4.54
72,0,5.78,3.59
310,1,4.75,3.59
50,0,5.48,3.59
40,0,5.69,4.54
33,0,5.23,3.59
153,0,5.73,3.59
59,0,6.19,3.59
119,0,5.78,3.59
62,0,5.79,3.59
91,0,6.19,3.59
228,0,5.0,3.59
61,0,5.54,3.59
341,1,5.05,3.59
17,0,6.12,4.54
43,0,5.69,4.54
45,0,5.89,4.54
37,0,5.69,4.54
26,0,5.69,3.59
75,1,5.23,3.59
75,0,5.78,3.59
51,0,5.79,3.58
53,0,5.79,3.58
44,0,5.69,3.58
125,1,5.14,3.58
117,1,4.75,3.58
35,0,6.29,3.58
170,1,4.98,3.58
208,1,4.81,3.58
291,1,4.54,3.58
330,1,4.65,3.58
51,0,5.78,3.58
158,1,5.03,3.58
179,1,4.76,3.58
356,1,4.54,3.58
32,0,6.19,3.58
38,0,6.09,3.58
50,0,6.29,3.58
49,0,5.89,4.55
172,1,5.03,3.58
207,0,5.59,4.55
102,0,5.83,3.58
68,0,5.88,3.58
44,0,6.09,3.58
176,0,5.0,3.58
94,0,5.01,4.55
154,0,5.59,4.55
86,0,5.59,4.55
90,0,5.59,4.55
254,1,5.08,4.55
120,0,4.71,3.58
43,0,6.09,3.58
21,0,5.79,4.56
38,0,5.89,4.56
286,1,5.17,4.56
120,0,5.51,4.56
67,0,5.78,3.57
78,0,5.78,4.56
349,1,4.49,4.56
78,0,5.78,4.56
101,0,5.0,4.56
67,0,6.23,4.56
47,0,5.79,4.56
31,0,6.19,3.57
56,0,5.99,3.57
122,1,5.02,3.57
118,1,4.72,3.57
81,0,5.43,4.56
19,0,5.69,4.56
319,0,5.22,4.56
45,0,5.79,4.56
41,0,5.95,3.57
99,0,4.98,3.57
76,0,5.07,3.57
19,0,6.19,3.57
25,0,6.29,3.57
181,0,6.29,3.57
24,0,5.69,4.56
30,0,6.29,4.56
42,0,5.69,3.57
33,0,5.69,4.56
16,0,5.69,4.56
41,0,5.69,4.56
77,0,5.89,4.56
130,0,5.89,4.56
135,0,5.89,4.56
282,1,5.15,4.56
24,0,6.29,3.57
48,0,6.29,3.57
52,0,5.79,4.56
69,0,6.29,4.56
66,0,6.29,3.57
39,0,5.58,3.57
198,0,4.99,3.57
89,0,5.59,4.56
61,0,5.69,4.56
48,0,6.29,3.57
170,1,4.52,3.57
115,0,4.98,3.57
59,0,6.36,3.57
48,0,6.09,3.57
99,0,5.3,3.57
68,0,5.79,4.56
81,0,5.79,4.56
27,0,6.29,3.57
66,0,5.69,3.57
38,0,5.79,4.57
160,0,5.54,4.57
40,0,5.41,4.57
76,0,5.28,3.56
45,0,6.19,3.56
85,0,5.79,3.56
90,1,5.79,4.57
19,0,6.29,4.57
62,0,5.79,4.57
104,0,5.65,4.57
106,0,5.02,3.56
232,0,5.61,4.57
54,0,5.79,4.57
43,0,6.2,4.57
102,0,5.79,4.57
144,0,5.79,4.57
225,0,5.59,4.57
81,0,6.09,3.56
44,0,5.41,3.56
31,0,5.49,3.56
15,0,5.99,3.56
61,0,5.75,3.56
64,0,5.89,4.57
108,0,5.59,4.57
13,0,5.9,3.56
44,0,5.79,3.56
32,0,6.09,3.56
264,1,5.05,4.57
72,0,5.59,4.57
133,0,5.59,4.57
164,0,5.59,4.57
26,0,6.09,3.56
56,0,6.19,3.56
73,0,5.79,4.57
73,0,5.79,4.57
23,0,6.19,3.56
39,1,5.18,3.56
20,0,5.69,4.57
41,0,5.79,4.57
11,1,5.79,3.56
22,0,5.79,3.56
16,0,5.79,3.56
23,0,5.79,3.56
28,0,5.99,3.56
135,0,5.59,4.57
94,0,5.89,4.57
35,1,5.5,4.57
37,0,5.87,3.56
41,0,6.29,4.57
64,0,5.69,3.56
42,0,6.09,3.55
41,0,5.78,3.55
112,0,6.09,3.55
22,0,6.19,3.55
23,0,6.29,3.55
54,0,6.21,3.55
30,0,5.69,4.58
125,0,5.59,4.58
100,1,4.99,3.55
205,0,5.0,4.58
77,0,5.59,3.55
12,0,5.99,4.58
19,0,5.99,4.58
26,0,5.69,4.58
69,0,6.19,3.55
16,0,5.79,3.55
67,0,6.09,3.55
29,0,5.99,4.58
85,1,5.47,4.58
80,0,5.59,4.58
257,0,5.59,4.58
44,0,5.79,3.55
33,0,6.29,3.55
26,0,5.97,3.54
59,0,5.69,3.54
55,0,6.09,3.54
72,0,6.29,3.54
58,0,6.29,4.59
107,1,5.0,3.54
16,0,2.75,4.59
61,1,2.5,4.59
20,0,3.09,4.59
33,0,2.55,4.59
24,0,5.0,4.59
34,0,5.16,4.59
60,0,5.79,4.59
31,0,3.09,4.59
28,1,5.79,4.59
10,0,5.79,4.59
11,1,5.79,4.59
70,0,5.79,4.59
169,0,5.0,4.59
338,1,4.5,4.59
85,1,5.0,4.59
72,0,5.79,4.59
49,0,5.79,4.59
432,1,3.68,4.59
11,0,5.79,4.59
54,0,5.79,4.59
105,0,5.79,4.59
43,0,5.79,4.59
34,0,2.5,4.59
72,0,5.79,4.59
145,0,5.0,4.59
126,0,4.67,4.59
64,0,5.0,4.59
69,0,5.79,4.59
344,1,4.5,4.59
62,0,5.79,4.59
38,0,5.79,4.59
98,0,5.79,4.59
108,0,5.0,4.59
56,0,5.79,4.59
53,0,5.79,4.59
57,0,4.5,4.59
67,0,5.79,4.59
62,1,5.05,4.59
108,0,5.79,4.59
157,0,5.0,4.59
151,0,5.0,4.59
89,0,5.07,4.59
98,0,5.0,4.59
57,0,5.79,4.59
128,0,5.0,4.59
54,0,5.79,4.59
316,1,5.0,4.59
45,0,5.79,4.59
24,0,5.69,4.59
76,0,5.79,4.59
90,0,5.79,4.59
64,0,5.79,4.59
71,0,5.79,4.59
91,0,5.59,4.59
89,0,5.59,4.59
88,0,5.59,4.59
21,0,5.79,3.54
24,0,5.69,3.54
43,0,6.19,3.54
36,0,5.99,4.59
53,0,6.19,3.54
111,1,6.36,3.54
33,0,6.29,3.54
12,0,5.89,3.54
41,0,6.09,3.54
58,0,6.29,3.54
41,0,6.09,3.54
28,0,5.78,3.54
56,0,6.19,3.54
16,0,6.29,3.54
23,0,5.54,3.54
92,0,5.01,3.54
145,1,4.99,3.54
288,1,4.88,3.53
25,0,6.19,3.53
59,0,5.29,3.53
37,0,6.19,3.53
31,0,5.69,3.53
33,1,5.79,3.53
47,0,5.89,3.53
24,0,5.79,4.6
78,0,6.22,4.6
45,0,6.2,4.6
7,0,5.89,3.53
44,0,5.79,3.53
171,0,4.99,3.53
45,0,6.29,3.53
73,0,5.79,3.53
13,0,5.79,4.6
177,1,4.53,3.53
21,0,6.39,3.53
28,0,5.89,3.53
43,0,6.19,3.53
46,0,5.79,3.53
225,1,5.07,3.53
49,0,6.22,3.53
18,0,6.49,3.53
48,0,5.79,4.6
64,0,5.69,4.6
18,0,6.39,3.53
19,0,6.19,3.53
37,0,5.79,3.53
23,0,5.89,3.53
23,0,6.19,3.53
30,0,6.19,3.53
14,0,5.79,4.61
106,0,5.59,4.61
21,0,5.79,3.52
40,0,5.99,3.52
36,0,6.19,3.52
42,0,5.67,3.52
145,1,5.08,3.52
60,0,6.19,3.52
166,0,5.03,3.52
17,0,5.99,4.61
27,0,5.99,4.61
18,1,5.79,4.61
68,0,6.27,4.61
35,0,6.29,4.61
16,0,5.79,4.61
73,0,6.29,4.61
24,0,6.19,3.52
179,1,5.0,3.52
235,1,5.47,4.61
16,0,5.79,4.61
34,0,5.99,4.61
28,0,6.36,3.52
39,0,5.89,4.61
48,0,5.99,3.52
33,0,5.79,4.61
37,0,5.99,3.52
82,0,6.09,3.52
59,0,6.09,3.52
365,1,5.05,3.52
159,1,4.91,3.52
48,0,6.19,3.52
163,0,5.01,4.61
29,0,6.39,3.52
86,0,5.59,4.62
74,0,5.59,4.62
143,0,5.59,4.62
514,0,5.3,4.62
68,0,5.59,4.62
407,0,5.23,4.62
10,0,5.69,3.51
26,1,6.33,3.51
29,0,5.99,3.51
64,0,5.78,3.51
138,1,5.09,3.51
95,0,5.78,3.51
108,1,5.22,3.51
103,1,5.04,3.51
57,0,5.4,3.51
82,0,5.03,3.51
93,0,5.04,4.62
130,0,5.01,3.51
72,0,5.79,3.51
49,0,5.89,4.62
47,0,5.99,4.62
54,0,5.75,4.62
26,0,5.79,4.62
20,0,6.39,3.51
58,0,5.48,3.51
31,0,6.09,3.51
32,0,6.29,3.51
69,0,5.0,3.51
54,0,6.28,4.62
70,0,6.29,3.51
56,0,5.79,3.51
72,0,5.59,3.51
62,0,6.19,4.62
36,0,6.19,3.51
33,0,5.78,3.51
35,0,6.0,3.51
109,0,5.99,3.51
18,0,5.69,4.62
80,0,5.59,4.62
82,0,5.59,4.62
205,0,5.59,4.62
98,0,5.59,4.62
170,0,5.59,4.62
48,1,5.79,3.51
188,0,5.79,4.62
59,0,5.79,4.62
70,0,5.31,4.62
162,0,5.79,4.62
151,0,4.21,3.51
44,0,6.29,3.5
70,0,5.78,3.5
26,0,5.78,3.5
48,0,5.78,3.5
44,0,5.97,3.5
18,0,5.99,3.5
26,0,5.69,4.63
32,0,6.49,4.63
37,0,6.49,3.5
17,0,5.69,3.5
92,0,5.99,3.5
47,0,5.79,3.5
21,0,4.49,3.5
14,0,6.39,3.5
76,0,5.0,3.5
43,0,5.5,3.5
46,0,5.5,3.5
11,0,5.99,4.63
36,0,5.69,4.63
15,0,5.69,4.63
21,0,6.29,4.63
37,0,6.09,4.63
76,1,5.46,3.5
34,0,6.19,3.5
71,1,4.74,3.5
34,0,5.38,3.5
46,0,5.99,3.5
174,1,4.73,3.5
58,0,5.89,3.5
15,0,5.79,4.63
76,0,5.29,3.5
97,0,5.25,3.5
120,1,4.87,3.5
258,0,5.59,4.63
30,0,5.69,3.5
115,0,4.99,3.5
60,1,6.36,3.5
33,1,6.36,3.5
10,0,6.21,3.5
28,0,5.64,3.5
99,1,6.35,3.5
85,1,6.35,3.5
30,0,6.16,3.5
105,1,6.41,3.5
19,0,5.69,4.63
145,1,4.61,3.5
12,0,5.78,3.5
125,1,4.8,3.5
65,0,5.89,3.5
50,0,5.78,3.5
144,1,4.95,3.5
128,1,5.08,4.64
40,0,5.78,3.49
60,0,6.29,3.49
10,0,5.79,4.64
20,0,5.79,4.64
42,0,5.79,4.64
77,0,5.99,4.64
106,0,5.99,4.64
57,0,5.79,4.64
31,0,5.79,4.64
24,0,5.85,3.49
40,0,6.19,3.49
41,0,6.06,4.64
94,0,5.59,4.64
95,0,5.59,4.64
372,0,5.22,4.64
175,0,5.59,4.64
31,0,5.99,3.49
23,0,6.39,3.49
32,0,6.19,3.49
43,0,6.29,3.49
94,0,5.0,3.49
208,1,5.04,3.49
28,0,6.29,4.64
13,0,5.79,3.49
12,0,5.79,4.64
15,0,5.79,4.64
69,0,5.79,4.64
43,0,5.79,4.64
41,0,6.09,3.49
27,0,5.78,3.49
57,0,6.19,3.49
73,0,5.79,4.64
30,0,5.94,3.49
42,0,6.09,3.49
27,0,5.0,3.49
66,0,5.48,3.49
72,1,4.67,3.49
35,0,5.96,3.49
51,0,6.19,3.49
53,0,6.29,3.49
55,0,6.29,4.65
61,0,5.99,4.65
80,0,5.59,4.65
131,0,5.59,4.65
79,0,5.99,4.65
134,0,5.59,4.65
35,0,5.99,3.48
15,0,5.79,4.65
12,0,6.19,3.48
103,0,5.86,3.48
64,1,4.99,3.48
48,0,5.48,3.48
48,0,5.99,3.48
53,0,5.79,3.48
52,1,5.79,3.48
369,0,5.09,3.48
27,0,5.89,4.65
25,0,5.79,4.65
87,0,5.79,4.65
18,0,5.69,4.65
26,0,5.69,4.65
22,0,5.69,4.65
32,0,5.69,4.65
22,0,5.69,4.65
26,0,5.69,4.65
34,0,5.69,4.65
21,0,5.69,4.65
23,0,5.69,4.65
29,0,6.19,3.48
70,0,6.19,3.48
138,0,2.5,3.48
30,1,5.79,4.65
24,0,6.39,3.48
41,0,5.83,3.48
32,0,5.95,3.47
32,0,5.64,4.66
19,0,5.69,4.66
31,0,5.99,4.66
20,0,5.69,4.66
29,0,5.69,4.66
17,0,5.69,4.66
17,0,5.69,4.66
18,0,5.69,4.66
28,0,5.69,4.66
29,0,5.69,4.66
36,0,5.69,4.66
40,0,5.69,4.66
109,1,4.44,4.66
50,1,6.39,3.47
285,1,3.99,3.47
40,0,6.29,3.47
77,0,5.89,4.66
128,0,6.28,3.47
139,0,6.28,3.47
20,0,6.29,4.66
19,0,6.29,4.66
30,0,5.79,4.66
35,1,5.79,4.66
67,0,6.26,3.47
28,0,6.29,3.47
16,0,6.19,3.47
101,0,5.79,4.66
44,0,6.06,3.47
21,0,5.69,3.47
46,0,5.99,3.47
46,0,5.99,3.47
41,0,5.79,4.66
16,0,5.69,4.66
30,0,5.69,4.66
15,0,5.69,4.66
54,0,5.69,4.66
9,0,6.29,3.47
41,0,5.69,4.67
12,0,5.92,3.46
24,0,5.78,3.46
42,0,5.79,4.67
92,0,5.35,3.46
11,0,5.79,4.67
64,0,6.29,4.67
27,0,6.49,3.46
37,0,6.19,3.46
45,0,5.0,3.46
51,0,6.21,3.46
33,0,5.69,4.67
29,0,5.69,4.67
46,0,6.09,3.46
188,1,4.5,3.46
69,0,6.25,3.46
16,0,6.39,3.46
45,0,5.89,3.46
32,0,6.09,3.46
75,0,5.79,3.46
33,0,5.99,4.67
35,0,5.79,4.67
30,0,5.56,3.46
81,0,5.57,3.46
67,0,5.48,3.46
69,0,6.29,4.67
152,0,5.0,3.46
24,0,6.09,3.46
47,0,5.99,3.45
37,1,5.57,3.45
89,0,5.89,3.45
37,0,5.69,4.68
165,1,5.37,4.68
36,0,5.69,4.68
36,0,5.69,4.68
49,0,5.69,4.68
22,0,5.69,4.68
30,0,5.69,4.68
56,0,5.69,4.68
38,0,5.69,4.68
136,1,5.31,4.68
43,0,5.69,4.68
59,0,5.69,4.68
86,0,5.69,4.68
83,0,5.99,4.68
461,1,4.7,4.68
188,1,5.0,4.68
70,0,5.79,4.68
66,0,5.89,3.45
66,0,5.67,3.45
39,0,6.29,3.45
69,0,6.39,3.45
85,0,5.2,3.45
109,0,6.2,3.45
9,0,6.39,3.45
24,0,5.69,4.68
38,0,5.69,4.68
23,0,5.69,4.68
34,0,5.69,4.68
18,0,5.69,4.68
37,0,5.69,4.68
17,0,5.69,4.68
46,0,5.69,4.68
159,1,5.0,4.68
68,0,5.69,4.68
28,0,5.69,4.68
48,0,5.79,4.68
44,0,5.69,4.68
12,0,6.29,3.45
72,0,5.79,3.45
550,1,4.99,3.45
37,0,6.29,3.45
56,0,5.69,4.68
137,0,5.36,4.68
305,1,4.69,4.68
28,1,5.79,3.45
29,0,6.29,4.69
21,0,6.29,4.69
25,0,6.29,4.69
54,0,6.29,4.69
51,0,6.29,4.69
13,0,6.39,3.44
26,0,5.79,3.44
8,0,5.79,3.44
186,1,4.99,3.44
9,0,5.89,4.69
12,0,5.89,4.69
5,0,5.89,4.69
8,1,5.79,4.69
4,0,5.79,4.69
4,0,5.89,4.69
12,0,5.99,4.69
8,0,5.89,4.69
35,0,5.89,4.69
45,0,5.89,4.69
42,0,5.79,4.69
204,0,5.0,4.69
15,0,5.89,4.69
12,0,5.89,4.69
4,0,5.89,4.69
7,0,5.89,4.69
36,0,5.69,4.69
21,0,5.69,4.69
20,0,5.89,4.69
58,1,5.79,4.69
18,0,5.79,4.69
20,0,5.89,4.69
40,0,5.69,4.69
29,0,5.79,4.69
9,0,5.79,4.69
109,0,5.79,4.69
27,0,5.89,4.69
58,0,5.79,4.69
42,0,5.89,4.69
98,0,5.89,4.69
88,0,5.99,4.69
73,0,5.99,4.69
49,0,5.89,4.69
33,0,5.89,4.69
39,0,5.99,4.69
50,0,5.89,4.69
31,0,6.19,3.44
203,1,5.0,3.44
45,0,6.19,3.44
208,1,4.99,3.44
33,0,6.09,4.69
37,0,5.79,3.44
229,0,5.0,4.69
80,0,5.79,4.69
39,0,5.89,4.69
69,1,5.5,4.69
33,0,5.95,4.69
43,0,6.29,3.44
48,0,5.99,4.7
125,1,4.99,3.43
18,0,5.69,4.7
29,0,5.69,4.7
50,0,5.69,4.7
44,0,5.69,4.7
28,0,5.69,4.7
36,0,5.69,4.7
74,0,5.69,4.7
52,0,5.69,4.7
54,0,5.69,4.7
36,0,5.69,4.7
57,0,5.69,4.7
52,0,5.69,4.7
86,1,5.79,4.7
104,1,5.02,3.43
122,0,5.91,3.43
105,0,6.36,3.43
113,0,6.36,3.43
12,0,5.69,4.7
117,0,2.5,4.7
18,0,5.79,4.7
26,0,6.29,3.43
48,1,5.21,3.43
23,0,6.29,3.43
36,0,6.19,3.43
23,0,6.29,3.43
64,1,5.19,3.43
37,0,6.29,3.43
154,1,4.5,3.43
31,0,6.29,3.43
10,0,6.39,3.43
25,0,6.39,3.43
83,0,5.0,3.43
52,1,4.88,3.43
33,1,4.88,3.43
36,0,6.37,3.43
32,0,6.29,3.43
64,1,4.88,3.43
29,0,5.69,4.7
16,0,5.69,4.7
16,0,5.69,4.7
82,0,5.69,4.7
140,0,5.08,4.7
54,0,5.69,4.7
56,0,5.69,4.7
60,0,5.69,4.7
62,0,5.69,4.7
106,0,5.69,4.7
35,0,5.69,4.7
43,0,5.69,4.7
25,0,5.79,4.7
43,0,5.99,3.43
30,0,6.18,3.43
39,0,6.09,4.71
141,1,4.57,3.42
159,0,5.02,4.71
5,0,5.89,3.42
49,0,6.29,4.71
59,0,6.29,4.71
52,0,6.29,4.71
49,0,6.29,4.71
28,0,6.21,4.71
72,0,6.19,3.42
52,0,5.79,4.71
112,1,5.18,4.71
122,0,5.01,4.71
75,0,5.18,3.42
92,0,5.89,3.42
182,1,4.75,3.42
269,0,5.59,3.42
111,0,2.5,4.71
70,1,5.0,4.71
166,0,5.67,4.71
67,0,5.79,4.71
58,0,6.24,4.71
22,0,6.29,3.42
207,0,5.03,4.71
72,0,6.26,4.71
197,1,4.5,3.42
144,1,4.69,3.42
153,1,5.05,3.42
47,0,6.25,3.42
91,0,6.09,3.42
28,0,5.69,4.71
47,0,6.19,3.42
67,0,6.09,3.42
26,0,6.22,4.72
85,0,6.19,4.72
78,0,5.03,3.41
14,0,5.99,3.41
141,0,6.19,3.41
15,0,6.29,4.72
57,0,5.79,4.72
79,0,6.43,4.72
25,0,5.79,4.72
169,0,6.29,4.72
160,0,5.8,4.72
107,1,4.98,3.41
45,0,5.79,4.72
124,0,5.04,4.72
143,0,2.5,4.72
113,0,5.61,4.72
50,0,6.29,4.72
48,0,6.29,4.72
44,1,5.19,3.41
76,0,6.29,3.41
154,1,5.45,4.72
60,0,5.89,3.41
37,0,6.09,3.41
63,0,6.19,3.41
24,0,5.79,4.72
196,1,5.74,4.72
16,0,5.69,4.72
26,0,5.69,4.72
40,0,6.29,4.72
52,0,6.19,3.41
74,0,5.96,3.41
43,0,6.29,3.41
140,0,6.19,3.41
30,0,5.99,3.41
29,0,6.1,3.4
117,1,4.9,3.4
135,0,6.29,3.4
31,0,6.29,3.4
21,0,5.79,4.73
29,0,6.29,4.73
44,0,6.29,4.73
39,0,6.26,4.73
58,0,6.29,4.73
51,0,6.29,4.73
173,0,6.29,4.73
56,0,6.29,4.73
121,0,6.29,4.73
201,0,6.29,4.73
40,0,6.19,3.4
51,0,6.09,3.4
65,1,5.57,3.4
112,0,6.29,3.4
123,0,2.52,4.73
75,0,5.6,4.73
54,0,5.85,4.73
168,1,4.99,4.73
66,0,5.86,4.73
62,0,5.79,4.73
64,0,5.86,4.73
43,0,5.79,4.73
70,0,6.25,3.4
48,0,5.79,3.4
160,0,5.1,3.4
107,0,5.02,4.73
227,0,5.03,4.73
77,0,5.35,3.4
21,0,5.79,4.73
182,0,5.01,4.73
979,1,3.99,4.73
252,1,4.99,4.73
58,0,5.99,4.73
100,1,4.89,3.4
92,0,5.01,3.4
24,0,5.99,3.4
221,0,5.59,3.4
62,0,5.79,4.73
192,1,4.74,3.4
60,1,6.02,3.4
39,0,5.99,3.4
22,0,6.39,3.4
156,1,4.77,3.4
21,0,6.29,3.4
110,0,5.15,3.4
144,0,5.99,3.39
84,0,5.99,3.39
86,0,5.99,3.39
135,0,5.99,3.39
47,0,6.07,4.74
284,1,5.3,4.74
32,0,5.99,4.74
59,0,6.09,3.39
45,0,6.29,3.39
46,0,6.09,3.39
43,0,6.09,3.39
106,0,6.24,3.39
63,0,5.62,4.74
25,0,6.29,4.74
96,0,5.89,4.74
73,0,5.89,4.74
14,0,5.76,3.39
78,0,5.89,3.39
65,0,5.35,3.39
24,0,5.0,3.39
208,0,5.27,4.74
68,0,5.49,4.74
38,0,5.79,4.74
57,0,5.79,4.74
273,1,4.57,4.74
37,0,5.79,4.74
29,0,5.51,4.74
174,0,2.5,4.74
136,0,5.79,4.74
114,0,5.79,4.74
113,0,5.79,4.74
195,1,5.0,4.74
161,0,5.79,4.74
62,0,5.79,4.74
84,0,5.79,4.74
181,0,5.79,4.74
182,0,5.42,4.74
115,0,5.79,4.74
25,1,5.5,4.74
68,0,5.79,4.74
56,0,5.79,4.74
89,0,5.79,4.74
74,0,5.79,4.74
48,0,5.79,4.74
46,0,5.79,4.74
79,0,5.79,4.74
191,0,5.79,3.39
63,0,5.59,4.74
74,0,5.59,4.74
869,1,4.16,4.74
17,0,6.39,3.39
47,0,6.29,3.39
24,0,6.29,4.74
92,0,6.29,4.74
21,0,6.29,4.74
21,0,6.29,4.74
30,0,6.29,4.74
36,0,6.49,3.39
81,0,5.89,3.39
56,0,5.89,4.74
46,0,5.53,4.74
53,0,5.79,4.75
24,0,5.89,4.75
42,0,5.89,4.75
40,0,5.85,4.75
34,0,5.89,4.75
33,0,5.89,4.75
246,0,5.0,4.75
145,1,4.99,4.75
66,0,5.7,4.75
134,1,4.99,4.75
83,0,5.71,4.75
58,0,5.89,4.75
58,0,5.89,4.75
70,0,5.65,4.75
74,0,5.71,4.75
20,0,6.29,3.38
156,0,5.89,3.38
54,0,5.0,3.38
26,0,5.89,4.75
33,0,5.89,4.75
118,0,5.06,4.75
735,1,3.99,4.75
45,0,6.29,3.38
20,0,5.79,4.75
48,0,5.79,4.75
11,1,5.0,4.75
54,0,5.79,4.75
44,0,5.79,4.75
32,0,6.29,3.38
196,0,5.05,4.75
35,0,5.69,3.38
287,1,4.63,3.38
116,0,2.5,4.75
196,0,5.0,4.75
116,0,5.79,4.75
59,0,5.79,4.75
54,0,5.79,4.75
294,1,4.5,3.38
31,0,6.19,4.76
134,0,5.01,4.76
46,0,6.2,3.37
53,0,6.29,4.76
76,0,5.89,3.37
85,0,5.05,4.76
35,0,5.78,3.37
59,0,6.19,3.37
21,0,6.29,4.76
116,0,5.79,4.76
183,0,5.37,4.76
30,0,5.79,4.76
669,0,5.02,4.76
23,0,5.79,4.76
45,0,5.99,3.37
65,0,5.79,3.37
35,0,5.89,4.76
23,0,5.89,4.76
46,0,5.89,4.76
63,0,5.89,4.76
202,0,5.01,4.76
68,0,5.78,3.37
177,0,5.68,3.37
57,0,5.79,4.76
39,0,5.79,4.76
15,0,4.99,4.76
49,0,6.26,4.76
46,0,6.24,4.76
32,0,6.12,3.37
155,1,4.87,3.37
77,0,5.89,3.37
180,1,4.5,3.37
23,0,6.29,4.76
26,0,6.29,4.76
85,0,6.29,4.76
66,0,6.29,4.76
37,0,6.29,4.76
495,0,5.0,4.76
34,0,6.39,3.37
236,1,5.05,3.37
19,0,6.29,3.37
99,0,5.19,3.37
3,0,5.79,4.77
43,0,5.79,4.77
52,0,5.79,4.77
75,0,5.79,4.77
25,0,5.79,3.36
31,1,5.16,3.36
88,0,5.02,3.36
16,0,5.89,4.77
36,0,5.89,4.77
33,0,5.89,4.77
71,0,5.89,4.77
76,1,5.38,4.77
16,0,5.89,4.77
10,0,5.89,3.36
15,0,6.39,3.36
73,0,6.19,3.36
76,0,5.38,3.36
11,0,6.29,4.77
235,1,5.0,4.77
36,0,5.79,4.77
10,0,5.79,4.77
57,0,5.79,4.77
93,1,5.2,4.77
104,0,5.79,4.77
39,0,5.79,3.36
41,0,6.2,3.36
31,0,6.22,3.36
51,0,6.29,3.36
83,0,6.29,4.77
52,0,5.79,3.36
109,0,5.89,3.36
125,0,5.89,3.36
69,0,2.5,3.36
37,0,5.99,4.77
39,0,6.39,3.36
58,0,5.79,3.36
94,1,5.32,4.77
50,0,5.85,3.36
11,0,5.89,3.36
10,0,5.69,3.36
32,0,5.79,4.78
284,1,4.69,3.35
90,0,5.89,4.78
24,1,5.5,4.78
34,1,5.0,4.78
34,0,5.79,4.78
17,0,6.22,4.78
191,0,5.0,3.35
53,0,6.19,3.35
15,0,5.89,4.78
10,0,5.89,4.78
45,1,5.79,4.78
279,0,4.69,4.78
61,0,5.79,4.78
103,0,5.79,4.78
500,1,4.79,4.78
257,1,5.79,4.78
145,1,5.24,4.78
35,0,5.79,4.78
84,0,5.21,3.35
88,0,6.29,4.78
30,0,6.19,3.35
48,1,5.56,3.35
49,0,5.04,4.78
38,0,5.79,3.35
49,0,5.79,3.35
271,0,5.28,3.35
210,0,5.04,3.35
17,0,5.89,4.78
34,1,5.79,4.78
31,0,5.89,4.78
69,1,5.0,4.78
46,0,5.89,4.78
112,0,5.79,3.35
23,0,5.89,4.78
90,1,5.01,3.35
28,0,5.77,3.35
28,0,6.19,3.35
35,0,5.79,4.79
95,1,5.0,3.34
29,0,5.79,3.34
69,0,5.5,3.34
34,0,6.29,3.34
54,0,5.89,3.34
18,0,5.89,3.34
42,0,6.29,3.34
64,0,6.29,3.34
73,0,5.99,4.79
21,0,5.99,4.79
93,1,5.0,4.79
86,0,5.59,4.79
16,0,5.99,4.79
8,0,5.99,4.79
8,0,5.99,4.79
26,0,5.99,4.79
480,0,5.5,4.79
14,0,5.99,4.79
20,0,5.99,4.79
9,0,5.99,4.79
13,0,5.99,4.79
21,0,5.99,4.79
6,0,5.99,4.79
34,0,5.0,4.79
33,0,5.99,4.79
11,0,5.99,4.79
34,0,5.99,4.79
43,0,5.99,4.79
23,0,5.99,4.79
14,0,5.99,4.79
14,0,5.99,4.79
38,0,5.0,4.79
38,1,5.0,4.79
9,0,5.99,4.79
67,0,5.99,4.79
66,0,2.5,4.79
14,0,5.89,4.79
145,1,4.93,4.79
22,0,5.79,4.79
149,0,2.5,4.79
28,0,5.89,4.79
53,0,5.99,4.79
85,0,5.5,4.79
26,0,5.99,4.79
23,0,5.89,4.79
23,0,5.89,4.79
23,0,5.89,4.79
93,0,5.0,4.79
26,0,5.79,4.79
40,0,5.89,4.79
60,0,5.89,4.79
94,0,5.79,4.79
93,0,2.53,4.79
30,0,5.79,4.79
115,1,4.5,4.79
162,0,2.5,4.79
38,0,5.89,4.79
50,0,5.89,4.79
41,0,5.89,4.79
65,0,5.89,4.79
73,0,6.0,3.34
94,0,6.09,4.79
42,0,6.29,4.79
85,0,6.29,4.79
56,0,6.29,4.79
97,0,6.29,4.79
31,0,6.09,3.34
28,0,5.69,3.34
73,0,6.19,3.34
76,1,4.91,3.33
69,1,5.79,4.8
50,0,5.79,4.8
59,0,5.79,4.8
36,0,5.79,4.8
276,1,5.25,4.8
111,0,5.07,3.33
26,0,5.89,4.8
45,0,5.89,4.8
81,0,5.89,4.8
31,0,6.29,4.8
51,0,5.79,4.8
117,0,5.89,4.8
33,0,6.19,3.33
7,0,6.29,4.8
95,0,2.5,3.33
33,0,5.0,3.33
29,0,5.0,3.33
26,0,5.77,3.33
91,0,5.04,3.33
44,0,5.17,3.33
16,0,6.39,3.33
70,0,5.88,3.33
12,0,6.39,3.33
36,1,6.33,3.33
12,0,5.79,3.33
8,0,5.99,3.33
7,0,5.99,3.33
8,0,5.99,3.33
31,0,5.99,3.33
22,0,5.99,3.33
18,0,5.99,3.33
29,1,6.49,3.33
13,0,6.39,3.33
123,0,5.0,3.33
71,1,6.35,3.33
14,0,5.99,3.33
12,0,5.99,3.33
73,1,6.34,3.33
24,0,5.79,3.33
24,0,5.99,3.33
5,0,6.29,3.33
63,0,5.79,3.33
26,0,5.79,3.33
74,0,5.79,3.33
95,1,6.09,3.33
24,0,6.45,3.33
43,0,5.95,3.33
45,0,6.29,3.33
69,1,6.36,3.33
43,0,5.0,3.33
22,0,6.28,3.33
29,0,5.97,3.33
42,0,5.99,3.33
144,1,5.01,3.33
80,0,5.79,3.33
32,0,5.89,3.33
128,1,4.61,4.8
29,0,5.89,4.8
113,1,5.04,3.33
166,0,5.18,3.33
53,0,6.29,4.8
266,1,4.99,4.81
208,0,5.81,4.81
76,0,5.81,4.81
321,0,4.99,4.81
123,0,5.99,4.81
62,0,5.78,3.32
32,0,6.29,3.32
149,1,5.06,3.32
239,0,4.85,4.81
29,0,6.49,3.32
26,0,6.29,3.32
35,0,6.49,3.32
11,0,5.89,4.81
9,0,5.89,4.81
17,0,5.99,4.81
25,0,5.89,4.81
35,0,5.89,4.81
30,0,5.79,4.81
47,0,5.89,4.81
186,1,5.32,4.81
63,0,6.2,3.32
26,0,5.79,4.81
109,0,5.79,4.81
59,0,6.23,4.81
159,1,5.79,4.81
145,1,5.79,4.81
120,0,5.79,4.81
81,0,5.77,4.81
84,0,5.89,4.81
105,0,5.89,4.81
569,0,5.3,4.81
78,0,5.89,4.81
17,1,4.49,3.32
92,0,5.99,4.81
226,1,4.99,4.81
66,0,5.99,4.81
201,1,5.08,4.81
86,0,5.99,4.81
19,0,6.29,3.32
23,0,5.99,4.81
74,0,5.3,4.81
73,0,5.76,4.81
147,1,4.99,4.81
70,0,5.29,4.81
76,0,5.99,4.81
69,0,5.7,4.81
240,0,4.99,4.81
24,0,5.99,4.81
70,0,5.99,4.81
90,1,4.99,4.81
55,0,5.99,4.81
131,1,4.99,4.81
93,0,5.99,4.81
67,0,5.51,3.32
60,0,5.04,3.32
13,0,6.29,3.32
19,0,5.95,4.82
102,0,5.99,4.82
84,0,5.99,4.82
66,0,5.99,4.82
53,0,5.99,4.82
135,0,5.25,4.82
97,1,5.1,4.82
25,0,5.99,4.82
12,0,5.99,3.31
46,0,5.79,3.31
81,0,5.57,3.31
75,0,5.89,4.82
100,0,5.99,4.82
768,1,4.44,4.82
68,1,4.77,3.31
94,0,5.44,3.31
173,1,4.99,4.82
80,0,2.5,3.31
73,0,5.89,4.82
121,0,5.89,4.82
83,0,5.89,4.82
345,0,4.8,4.82
64,1,4.79,3.31
33,0,6.19,3.31
134,1,5.02,3.31
224,1,4.99,4.82
83,0,5.99,4.82
12,0,6.39,3.31
126,1,4.94,3.31
35,0,5.99,3.31
43,0,5.58,4.82
64,0,5.59,4.82
72,0,5.76,4.82
109,0,5.06,4.82
106,0,5.46,4.82
160,0,5.7,4.82
151,1,4.98,3.31
241,0,5.07,3.31
31,0,5.79,4.82
102,1,5.79,4.82
61,0,5.79,4.82
167,1,4.99,3.31
46,0,5.69,3.31
63,0,6.09,3.31
20,0,6.29,4.83
150,1,5.17,4.83
44,0,6.09,3.3
118,1,4.76,3.3
108,0,5.06,4.83
49,0,5.95,3.3
34,0,5.99,4.83
91,0,4.99,3.3
262,0,5.02,4.83
51,0,6.19,3.3
40,0,6.19,3.3
80,0,5.44,3.3
34,0,5.08,3.3
80,0,6.07,3.3
23,0,5.89,4.83
48,0,5.89,4.83
27,0,5.79,4.83
34,0,5.89,4.83
102,0,5.39,4.83
8,0,5.89,3.3
35,0,5.79,3.3
38,0,6.09,3.3
27,0,5.99,4.83
33,0,6.25,4.83
48,0,5.95,4.83
53,0,5.0,3.3
30,0,6.49,3.3
65,0,6.33,3.3
39,0,6.09,3.3
152,0,6.29,3.3
20,0,5.89,4.83
19,1,4.99,3.3
105,1,4.5,3.29
191,1,4.77,3.29
14,0,6.39,3.29
22,0,6.29,3.29
81,0,5.2,3.29
98,0,5.99,4.84
43,0,5.29,4.84
54,0,5.8,4.84
31,0,5.81,4.84
61,0,6.29,4.84
32,0,6.09,4.84
50,0,5.52,3.29
53,0,5.48,3.29
22,0,5.79,3.29
102,1,4.63,4.84
24,0,5.79,4.84
38,0,5.42,4.84
34,0,5.99,4.84
30,0,5.89,4.84
94,0,5.14,4.84
27,0,5.99,4.84
35,0,5.79,4.84
55,0,5.89,4.84
111,0,5.89,4.84
89,0,5.89,4.84
104,0,5.89,4.84
75,0,5.79,4.84
101,0,5.4,4.84
392,1,4.44,4.84
95,0,5.89,4.84
167,0,5.89,4.84
78,0,5.89,4.84
785,1,4.44,4.84
102,0,5.89,4.84
307,0,5.89,4.84
72,0,5.79,4.84
87,0,5.89,4.84
139,0,5.89,4.84
15,0,6.29,3.29
77,0,6.36,3.29
112,0,6.33,3.29
36,0,6.35,3.29
29,0,6.39,3.29
121,1,5.7,3.29
106,0,6.36,3.29
74,1,4.99,3.29
97,1,4.99,3.29
134,0,5.17,3.29
401,1,3.99,4.84
59,0,5.59,3.29
148,0,4.91,4.85
69,0,5.99,4.85
33,0,5.99,4.85
44,0,5.99,4.85
64,0,5.88,4.85
44,0,5.99,3.28
53,0,5.89,4.85
17,0,5.89,4.85
31,0,5.03,4.85
77,0,5.47,4.85
47,0,5.69,4.85
79,0,5.87,4.85
121,1,5.0,3.28
119,1,4.63,3.28
129,1,4.58,3.28
164,1,4.9,3.28
24,0,5.78,3.28
33,0,6.19,3.28
268,1,4.65,3.28
67,0,5.58,3.28
46,0,6.29,4.85
72,0,5.79,3.28
62,0,5.99,4.85
56,0,5.99,4.85
41,0,5.99,4.85
92,0,5.99,4.85
859,1,4.44,4.85
68,0,5.89,4.85
103,0,5.45,4.85
420,1,4.44,4.85
66,0,5.89,4.85
574,1,4.44,4.85
21,0,6.29,3.28
54,0,6.19,3.28
39,0,5.99,3.28
19,0,6.29,3.28
202,1,5.28,4.85
49,0,6.09,4.85
39,0,6.19,3.28
45,0,5.63,3.28
64,1,5.08,4.85
35,0,5.89,4.85
46,0,5.99,4.85
103,0,5.89,4.85
128,0,5.38,4.85
103,0,5.79,4.85
109,0,5.89,4.85
78,0,5.48,3.28
64,1,5.01,3.28
41,1,5.57,3.28
138,0,5.89,3.28
55,0,5.8,4.85
60,0,6.19,4.85
135,1,4.99,3.28
153,0,5.0,3.27
72,0,5.16,3.27
35,1,5.79,3.27
126,0,5.79,3.27
98,0,5.99,3.27
32,0,5.99,4.86
30,0,5.99,4.86
37,0,6.29,4.86
229,0,5.51,4.86
186,1,5.01,3.27
125,0,5.04,3.27
38,0,5.78,3.27
98,0,5.12,3.27
82,0,6.09,3.27
61,0,6.07,3.27
100,1,5.05,3.27
140,1,5.02,3.27
98,0,6.29,3.27
122,1,4.99,3.27
37,0,6.25,4.86
15,0,6.39,3.27
95,0,5.09,3.27
129,0,5.0,3.27
19,0,6.39,3.27
80,0,4.99,3.27
154,1,4.8,3.27
75,0,6.19,4.86
165,1,4.99,3.27
115,0,2.5,4.86
132,0,2.51,3.27
149,0,5.06,4.86
98,0,5.0,3.27
29,0,6.29,3.27
6,0,5.89,4.87
126,0,5.99,4.87
51,0,5.99,4.87
60,0,5.5,4.87
17,0,6.29,4.87
55,0,6.25,4.87
47,0,5.89,4.87
50,0,5.89,4.87
47,0,5.89,4.87
125,0,5.1,4.87
112,0,5.05,3.26
161,1,4.99,3.26
168,0,5.0,3.26
51,0,6.27,3.26
599,1,4.44,4.87
159,0,5.0,4.87
42,0,6.29,4.87
115,0,5.89,4.87
115,0,5.89,4.87
92,0,5.89,4.87
188,0,4.84,4.87
79,0,5.89,4.87
51,0,6.09,4.87
272,1,4.5,3.26
40,1,4.9,3.26
26,0,6.29,3.26
133,0,5.62,4.87
23,0,5.99,3.26
47,0,6.29,3.26
54,0,6.19,4.87
21,0,6.39,3.26
167,0,5.02,3.26
24,0,5.53,3.25
75,1,4.75,3.25
140,0,5.06,3.25
31,0,5.89,4.88
55,0,5.89,4.88
41,0,6.25,4.88
117,0,5.22,4.88
43,0,5.89,4.88
110,1,5.2,4.88
78,0,5.89,4.88
186,0,5.89,4.88
56,0,5.79,4.88
58,0,5.99,4.88
87,0,5.89,4.88
127,0,5.89,4.88
28,0,5.96,4.88
105,0,5.89,4.88
101,0,5.89,4.88
99,0,5.89,4.88
105,0,5.89,4.88
121,0,5.89,4.88
87,0,5.89,4.88
64,0,6.29,3.25
35,0,5.55,4.88
42,0,5.89,4.88
41,0,5.79,4.88
57,0,5.44,4.88
226,1,4.73,3.25
70,1,4.99,3.25
81,0,5.97,4.88
67,0,5.99,4.88
92,0,5.99,4.88
3,0,5.79,4.88
17,0,6.39,3.25
82,0,6.29,3.25
33,0,6.19,3.25
67,0,5.75,3.25
59,0,6.29,3.24
55,0,5.61,3.24
81,0,6.25,3.24
45,0,6.29,3.24
261,0,5.01,3.24
15,0,5.89,4.89
17,0,6.29,4.89
14,0,5.99,4.89
54,1,4.5,4.89
52,0,5.89,4.89
89,1,5.0,4.89
38,0,6.29,4.89
16,0,5.99,4.89
92,0,5.23,4.89
476,0,5.82,4.89
25,0,6.09,4.89
59,0,5.89,4.89
113,0,5.99,4.89
95,0,5.99,4.89
60,0,6.09,4.89
275,1,4.44,4.89
67,0,5.85,4.89
91,0,5.99,4.89
358,1,4.91,4.89
12,0,5.79,4.89
100,0,5.99,4.89
40,0,5.89,4.89
49,0,5.89,4.89
117,0,5.89,4.89
30,0,6.09,4.89
14,0,6.09,4.89
37,0,6.09,4.89
29,0,6.09,4.89
70,0,6.09,4.89
26,0,6.09,4.89
74,0,6.09,4.89
32,0,6.09,4.89
91,0,6.09,4.89
51,0,6.09,4.89
119,0,5.89,4.89
45,0,6.09,4.89
81,0,6.09,4.89
95,0,6.09,4.89
23,0,6.09,4.89
18,0,6.09,4.89
98,0,6.09,4.89
58,1,5.55,4.89
64,1,5.48,4.89
96,0,6.09,4.89
104,1,5.48,4.89
65,0,5.02,3.24
45,0,6.2,3.24
68,1,5.06,3.24
97,1,5.04,3.24
32,0,6.22,3.24
22,0,6.29,3.24
52,0,5.99,4.9
97,0,6.19,3.23
44,0,5.89,4.9
14,0,6.29,3.23
55,0,6.29,3.23
377,1,3.99,4.9
37,0,5.89,4.9
9,0,6.29,3.23
25,0,6.29,3.23
36,0,5.99,3.23
61,0,5.79,3.23
84,0,5.59,3.23
90,0,6.19,4.9
53,0,5.78,3.23
76,0,5.9,3.23
30,0,6.29,3.23
110,0,5.79,3.23
123,0,6.35,3.23
50,0,6.35,3.23
78,0,5.89,3.23
39,0,6.09,3.23
106,1,4.72,3.23
279,1,4.44,4.9
137,0,6.3,3.23
58,0,6.09,4.9
31,0,5.69,3.23
410,0,5.0,3.23
50,0,5.89,4.91
34,0,5.8,4.91
29,0,5.79,4.91
18,0,5.79,4.91
93,1,5.06,3.22
30,0,5.9,3.22
33,0,6.29,3.22
24,0,6.39,3.22
90,0,4.99,3.22
126,0,5.07,3.22
116,0,5.0,3.22
316,0,5.31,4.91
22,0,5.79,4.91
57,0,5.79,4.91
229,0,5.24,4.91
249,0,5.52,4.91
344,1,4.44,4.91
300,0,4.97,4.91
300,0,5.94,4.91
59,0,5.99,4.91
31,0,6.19,3.22
43,0,5.7,3.22
31,0,6.29,3.22
32,0,6.19,3.22
145,0,5.01,3.22
100,1,5.49,3.22
52,0,5.89,4.92
55,0,5.89,4.92
61,0,5.89,4.92
44,0,5.89,4.92
47,0,5.89,4.92
68,0,5.99,3.21
45,0,6.29,3.21
61,0,5.06,3.21
65,1,4.91,3.21
39,0,6.29,3.21
184,0,5.29,4.92
88,0,5.95,4.92
239,0,5.29,4.92
57,0,5.99,4.92
105,0,5.99,4.92
63,0,5.99,4.92
678,1,3.99,4.92
443,0,5.99,4.92
96,0,6.28,3.21
46,0,6.25,4.92
35,0,6.29,4.92
59,0,6.14,4.92
13,0,5.89,4.92
24,0,5.99,4.92
119,0,5.21,4.92
34,0,5.79,4.92
36,0,6.21,3.21
31,0,5.71,3.21
125,0,5.26,3.21
51,0,5.89,4.93
89,1,5.41,4.93
14,0,6.09,4.93
54,1,5.07,3.2
65,0,5.89,3.2
189,0,5.11,3.2
63,0,5.78,3.2
27,0,5.95,4.93
50,0,5.45,4.93
107,0,5.22,4.93
53,0,5.99,4.93
35,0,5.97,4.93
113,0,5.95,4.93
117,0,5.97,4.93
723,1,4.41,4.93
97,0,5.97,4.93
621,1,3.99,4.93
96,0,5.99,4.93
380,1,4.44,4.93
85,0,5.99,4.93
207,0,5.99,4.93
75,0,5.99,4.93
31,0,6.29,4.93
93,0,5.79,3.2
169,1,4.6,3.2
35,0,6.28,3.2
37,0,4.88,3.2
16,0,5.79,3.2
29,0,5.99,3.2
24,0,6.19,4.93
59,0,6.19,4.93
477,0,5.11,3.2
30,0,5.89,4.93
38,0,5.89,4.93
38,0,5.89,4.93
55,0,5.71,3.2
72,0,6.19,4.93
57,0,4.68,3.19
90,0,5.0,3.19
39,0,6.15,4.94
65,0,5.89,4.94
122,0,5.78,3.19
6,0,5.79,4.94
83,1,5.0,4.94
50,0,5.89,4.94
87,0,5.89,4.94
51,0,6.23,4.94
644,1,4.44,4.94
68,0,5.99,4.94
161,0,6.28,4.94
23,0,5.89,3.19
25,0,5.89,3.19
33,0,6.29,3.19
78,1,5.05,3.19
66,0,5.0,4.94
88,0,5.99,3.19
38,0,5.89,4.94
76,1,5.27,4.94
119,0,5.03,3.19
288,1,5.1,3.19
27,0,5.95,4.95
17,0,2.75,3.18
16,0,6.19,3.18
76,0,5.05,3.18
38,0,6.2,3.18
152,1,5.1,3.18
63,0,6.19,3.18
171,1,5.06,3.18
170,1,5.14,3.18
212,1,5.02,3.18
58,0,6.23,4.95
110,0,5.01,3.18
63,0,5.62,3.18
48,0,5.99,3.18
61,1,4.91,3.18
17,0,6.39,3.18
111,0,5.21,3.18
23,0,6.29,3.18
11,0,6.29,4.95
22,0,6.23,4.95
72,0,5.95,4.95
69,0,5.99,4.95
289,1,4.44,4.95
140,0,5.95,4.95
648,1,4.44,4.95
215,0,4.96,4.95
38,1,5.28,4.95
22,0,5.79,3.18
26,0,6.14,3.18
77,0,6.19,4.95
58,0,6.19,4.95
7,0,5.89,4.95
62,0,6.26,4.95
45,0,5.96,4.95
439,1,4.44,4.95
281,0,5.64,4.95
52,1,5.16,3.18
25,0,5.99,3.18
88,0,5.89,3.18
73,0,6.29,3.17
173,1,4.99,3.17
258,1,4.99,3.17
174,0,5.04,3.17
180,1,5.0,4.96
54,0,6.09,4.96
139,1,5.55,4.96
23,0,6.09,4.96
48,0,5.0,3.17
150,1,4.74,3.17
141,0,5.59,3.17
25,0,6.39,4.96
27,0,5.58,4.96
22,0,6.39,4.96
107,1,4.75,3.17
38,0,5.95,4.96
39,0,5.95,4.96
345,0,5.99,4.96
75,1,5.5,3.17
80,0,5.05,3.17
45,0,6.29,4.96
24,0,5.99,3.17
244,1,4.99,3.17
72,0,5.99,3.17
35,0,6.49,4.96
40,0,6.29,3.17
100,0,5.01,3.16
32,0,5.69,3.16
44,0,5.69,3.16
39,0,6.42,4.97
222,1,5.9,4.97
2,0,5.99,4.97
39,0,5.99,4.97
17,0,5.99,4.97
48,0,6.09,3.16
150,0,5.01,3.16
124,0,5.95,4.97
14,0,6.18,4.97
47,0,6.39,4.97
37,0,6.26,4.97
66,0,5.79,3.16
12,0,5.79,3.16
43,0,5.79,3.16
49,0,6.19,4.97
154,0,5.38,3.16
163,0,5.07,3.16
87,0,6.24,4.97
48,1,4.99,3.16
18,0,5.94,4.97
104,0,5.78,3.16
135,1,4.79,4.98
92,0,5.67,4.98
470,1,4.44,4.98
89,0,5.99,4.98
84,0,5.99,4.98
99,0,5.97,4.98
105,0,6.26,4.98
20,0,6.19,3.15
21,0,6.29,4.98
10,0,5.79,3.15
22,0,6.29,3.15
94,0,5.73,3.15
82,0,5.5,4.98
45,0,5.9,3.15
30,0,5.99,3.14
39,0,5.78,3.14
72,0,5.65,3.14
22,0,5.76,3.14
16,0,5.99,4.99
51,0,5.66,4.99
148,1,4.53,4.99
41,0,5.99,4.99
173,1,4.99,4.99
19,1,6.37,4.99
26,1,6.33,4.99
23,1,6.32,4.99
59,0,5.57,4.99
45,1,6.34,4.99
44,0,5.84,4.99
43,0,5.71,4.99
38,0,5.99,4.99
6,0,6.29,4.99
13,1,6.32,4.99
22,0,6.29,4.99
23,0,6.29,4.99
8,0,6.35,4.99
26,1,6.29,4.99
97,1,6.37,4.99
21,0,5.99,4.99
167,1,5.74,4.99
16,0,6.26,4.99
182,1,5.0,4.99
33,1,6.35,4.99
18,1,6.33,4.99
24,1,6.33,4.99
35,0,5.86,4.99
85,1,5.35,4.99
38,0,5.99,4.99
55,1,5.26,4.99
27,1,6.35,4.99
50,1,6.34,4.99
37,0,6.38,4.99
35,1,6.34,4.99
135,1,6.35,4.99
88,0,4.99,4.99
27,0,6.34,4.99
92,1,6.36,4.99
53,1,6.33,4.99
104,1,5.29,4.99
124,0,6.29,4.99
170,1,6.36,4.99
77,1,6.34,4.99
13,0,5.75,4.99
65,1,6.36,4.99
32,1,6.35,4.99
37,1,6.34,4.99
20,0,6.29,4.99
67,1,6.33,4.99
145,1,6.35,4.99
216,1,5.84,4.99
63,1,5.37,4.99
103,1,6.03,4.99
71,1,6.35,4.99
14,0,6.29,4.99
47,1,6.35,4.99
125,1,5.23,4.99
38,0,6.35,4.99
157,1,5.0,4.99
61,1,6.36,4.99
38,1,6.33,4.99
54,1,6.34,4.99
181,1,5.77,4.99
39,0,5.99,4.99
28,0,6.29,4.99
31,1,6.35,4.99
89,0,5.52,4.99
30,0,5.99,4.99
52,1,6.34,4.99
102,1,6.36,4.99
45,1,6.34,4.99
139,1,6.33,4.99
211,1,5.0,4.99
40,0,5.92,4.99
55,1,6.36,4.99
183,1,5.0,4.99
211,1,6.35,4.99
53,0,6.36,4.99
250,1,5.0,4.99
30,0,5.96,4.99
136,1,6.35,4.99
61,1,6.35,4.99
44,0,5.99,4.99
49,1,6.35,4.99
90,1,5.73,4.99
43,1,6.36,4.99
287,0,4.52,4.99
56,1,6.37,4.99
48,1,6.35,4.99
140,1,6.35,4.99
200,1,6.41,4.99
119,1,6.4,4.99
142,1,6.36,4.99
71,0,5.2,4.99
67,1,6.35,4.99
103,1,6.42,4.99
224,1,5.0,4.99
178,1,6.36,4.99
91,0,6.42,4.99
70,1,6.37,4.99
66,1,6.35,4.99
113,1,6.36,4.99
40,0,5.99,4.99
26,0,5.95,4.99
112,1,6.33,4.99
146,1,5.0,4.99
54,0,5.99,4.99
191,1,6.35,4.99
244,1,6.36,4.99
100,1,6.34,4.99
37,0,5.99,4.99
123,1,6.41,4.99
300,1,6.41,4.99
277,1,6.36,4.99
14,0,6.23,4.99
25,0,6.27,4.99
13,0,5.96,4.99
18,0,5.96,4.99
73,0,5.94,4.99
293,1,5.78,4.99
162,0,5.62,4.99
71,1,5.08,4.99
32,1,5.54,4.99
41,1,5.11,4.99
34,0,5.96,4.99
39,0,5.96,4.99
67,1,5.27,4.99
36,0,5.94,4.99
30,1,6.35,4.99
265,1,6.2,4.99
39,1,5.5,4.99
24,0,5.99,4.99
43,0,6.27,4.99
27,0,6.29,4.99
28,0,6.29,4.99
112,0,6.29,4.99
28,0,6.29,3.14
26,0,6.29,4.99
45,0,6.29,4.99
70,0,6.24,4.99
106,0,6.21,4.99
91,0,6.24,4.99
47,0,5.99,3.14
29,0,6.49,3.14
33,0,6.19,3.14
225,0,5.06,3.14
18,0,5.79,3.13
148,0,5.0,3.13
60,0,5.4,5.0
138,0,6.26,5.0
186,0,5.52,5.0
132,0,5.2,3.13
72,1,5.49,3.13
123,1,4.99,3.13
34,0,5.58,5.0
40,0,6.19,3.13
61,0,6.09,3.13
132,1,4.61,5.0
51,0,5.78,3.13
19,0,6.29,3.13
69,0,5.5,3.13
101,1,4.99,3.12
35,0,6.29,3.12
72,0,5.38,3.12
100,0,5.99,3.12
136,0,5.99,3.12
71,0,5.99,3.12
119,1,5.08,5.01
120,0,5.07,3.12
177,0,5.89,3.12
118,1,5.08,3.12
76,0,5.02,3.12
31,0,6.29,3.12
42,0,6.27,5.02
31,0,6.39,5.02
54,0,6.25,5.02
59,0,6.26,5.02
13,0,5.99,5.02
128,0,6.17,5.02
39,0,5.89,3.11
48,0,6.24,5.02
33,0,6.29,5.02
29,0,6.09,5.02
104,0,6.27,5.02
62,0,6.29,5.02
32,0,6.29,5.02
26,0,6.29,5.02
29,0,6.29,5.02
34,0,6.19,5.02
81,1,5.09,3.11
27,0,6.29,3.11
56,0,5.45,3.1
20,0,5.78,3.1
39,0,6.37,3.1
28,0,5.89,3.1
29,1,4.99,3.1
35,0,5.9,3.1
19,0,6.23,5.03
163,1,5.08,5.03
227,0,5.0,3.1
55,0,6.27,5.04
66,0,6.25,5.04
43,0,6.29,5.04
43,1,5.68,5.04
15,0,6.28,5.04
63,0,6.36,5.04
23,0,6.24,5.04
138,1,5.59,5.04
48,0,5.99,3.09
14,0,6.39,3.09
96,0,6.19,5.04
50,0,6.29,3.09
43,0,6.09,3.09
97,0,5.11,3.09
11,1,6.07,5.04
27,0,6.29,3.09
43,0,5.52,3.09
17,0,6.23,5.04
41,0,6.09,5.04
63,0,6.09,5.04
64,0,6.09,5.04
36,0,6.29,5.04
87,1,5.0,3.09
233,1,5.0,3.09
90,0,5.99,5.05
131,1,5.71,5.05
48,0,6.43,5.05
24,0,6.39,5.05
90,0,5.11,3.08
66,0,6.36,3.08
99,0,6.36,3.08
34,0,5.99,5.05
53,0,6.24,5.05
30,0,6.09,3.08
54,0,6.29,5.05
270,0,5.0,3.08
65,0,5.89,3.08
18,0,5.99,3.08
131,0,5.0,3.08
107,0,5.11,3.08
93,0,5.89,3.08
54,0,5.89,3.08
55,1,4.99,3.08
121,1,5.0,3.08
90,0,6.09,5.05
139,1,4.99,3.08
62,1,4.5,3.08
20,0,6.24,5.05
476,0,4.02,5.05
26,0,6.29,5.05
41,0,6.27,5.05
246,0,5.32,5.05
65,0,6.29,5.05
65,0,6.29,5.05
22,0,6.42,5.05
74,1,5.71,5.05
50,0,6.2,5.05
35,0,6.47,5.06
11,0,6.49,5.06
304,1,4.99,3.07
261,0,5.05,3.07
28,0,6.49,3.07
72,0,6.49,3.07
49,1,6.49,3.07
15,0,6.4,3.07
55,1,5.03,3.07
93,0,5.0,3.07
35,0,6.29,5.06
67,0,5.67,5.06
66,0,5.58,5.06
44,0,6.09,5.06
18,0,6.29,3.07
183,0,5.59,3.07
192,0,5.03,5.06
59,0,5.53,5.06
103,0,5.14,5.06
236,0,5.07,3.07
103,0,5.89,3.07
34,0,6.19,5.06
276,0,5.12,5.06
86,0,6.22,5.06
220,0,6.28,3.07
63,0,6.35,3.07
70,0,6.29,3.06
268,0,6.21,5.07
28,0,6.29,5.07
226,0,5.17,5.07
82,1,5.67,5.07
103,1,4.99,3.06
30,0,6.49,5.07
112,0,6.37,5.07
138,0,5.03,3.06
34,0,5.83,5.07
51,0,6.28,5.07
40,0,6.39,5.07
32,0,5.89,3.06
14,0,6.29,5.07
49,0,6.28,5.07
46,0,6.34,5.07
52,0,6.19,5.07
43,0,6.26,5.07
239,1,5.7,5.07
69,0,5.87,5.07
24,0,6.29,5.08
63,0,6.27,5.08
50,0,6.24,5.08
47,0,6.29,5.08
83,0,6.29,5.08
89,0,6.24,5.08
55,0,6.23,5.08
103,0,6.29,5.08
120,0,6.39,5.08
35,0,6.29,5.08
44,0,6.09,5.08
28,0,5.97,5.08
180,1,5.18,5.08
47,0,6.27,3.05
54,0,6.23,5.08
105,0,5.32,5.08
54,0,6.22,5.08
54,0,5.99,3.05
39,0,6.29,5.08
30,0,5.84,5.08
70,1,5.83,5.08
25,0,6.35,5.08
255,1,6.35,5.08
59,1,6.34,5.08
174,0,6.19,5.08
30,0,5.93,5.08
57,1,5.09,5.08
23,0,5.97,5.08
112,1,5.01,3.05
118,0,4.99,3.05
99,0,6.29,3.05
25,0,6.24,5.08
37,0,6.29,3.05
237,0,6.26,5.09
160,0,5.82,5.09
69,0,6.27,5.09
21,0,6.32,3.04
34,0,6.35,3.04
80,0,5.0,3.04
21,0,6.35,3.04
93,1,6.36,3.04
108,1,5.65,3.04
20,0,5.99,3.04
28,0,6.29,3.04
2,0,5.89,3.04
160,0,5.12,3.04
63,0,5.01,5.09
22,0,5.83,5.09
28,0,5.99,5.09
44,0,5.96,5.09
67,0,5.72,5.09
78,0,6.29,5.09
27,0,6.49,5.09
14,0,6.39,5.09
40,0,6.29,5.09
91,0,6.34,5.09
29,0,6.37,5.09
35,0,6.46,5.09
199,1,5.74,5.09
227,1,5.37,5.09
58,1,6.37,5.09
24,0,5.99,5.09
27,0,6.39,5.09
221,1,5.0,3.04
101,1,5.12,3.04
39,0,5.79,3.04
163,0,5.85,3.04
129,0,6.36,3.04
78,0,6.28,5.09
91,0,6.28,5.09
7,0,6.39,3.04
25,0,6.19,3.04
60,0,5.79,3.03
81,0,5.0,3.03
17,0,6.39,3.03
27,0,6.22,3.03
37,0,6.21,3.03
55,0,6.29,3.03
33,0,6.28,3.03
61,0,6.24,3.03
70,0,5.51,5.1
40,1,5.46,5.1
100,0,6.28,3.03
73,1,5.41,5.1
56,0,6.29,3.03
304,0,5.04,3.03
120,0,5.79,3.03
60,0,5.0,3.03
90,1,5.16,3.03
35,0,5.78,3.03
342,1,5.06,3.03
56,0,6.34,5.11
312,1,4.02,5.11
188,0,5.33,5.11
82,0,6.27,5.11
53,0,5.51,5.11
29,0,6.23,5.11
171,0,6.25,5.11
117,0,5.42,5.11
64,0,6.29,5.11
61,0,6.26,5.11
88,0,6.29,5.11
77,0,6.28,5.11
27,0,6.29,5.11
89,1,5.54,5.11
62,0,6.29,5.11
106,1,5.61,5.11
113,1,5.76,5.11
36,0,6.28,5.11
29,0,6.28,5.11
33,0,6.27,5.11
154,1,5.73,5.11
29,0,6.35,5.11
66,0,6.28,5.11
99,1,5.13,5.11
111,1,5.08,5.11
38,0,5.0,3.02
95,1,4.99,5.11
65,0,6.27,5.11
111,1,5.7,5.11
55,0,6.43,5.11
99,1,5.06,3.02
70,0,5.65,3.02
83,0,6.19,5.11
83,0,6.19,5.11
82,0,6.19,5.11
25,0,5.78,3.02
21,0,5.99,3.02
102,1,5.0,5.11
36,0,5.96,5.11
21,0,5.92,5.11
20,0,5.96,5.11
22,0,6.2,5.11
25,0,5.82,3.02
61,0,6.29,3.02
40,0,6.23,5.11
29,0,5.78,3.02
31,0,5.89,3.02
36,0,6.29,3.02
41,0,6.29,3.02
193,1,5.05,3.02
30,0,6.16,3.01
22,0,6.23,3.01
33,0,6.26,5.12
15,0,6.29,5.12
155,0,4.51,5.12
23,0,5.96,5.12
28,0,5.93,5.12
163,0,5.79,5.12
87,0,6.24,5.12
23,0,6.29,3.01
33,0,5.79,3.01
25,0,6.47,5.12
24,0,6.19,5.12
38,0,6.19,5.12
29,0,6.19,5.12
56,0,6.19,5.12
49,0,6.29,5.12
59,0,6.26,5.12
102,0,6.19,5.12
19,0,6.29,3.01
28,0,6.25,3.01
51,1,5.04,3.0
218,1,5.02,3.0
28,0,6.29,3.0
139,0,5.57,5.13
49,0,5.99,5.13
25,0,5.96,5.13
75,0,6.29,3.0
128,0,5.0,3.0
193,0,5.0,3.0
223,0,5.0,3.0
27,0,5.0,3.0
24,0,5.3,3.0
18,1,5.0,3.0
37,0,5.0,3.0
18,0,6.39,3.0
37,0,5.0,3.0
35,0,5.78,3.0
30,0,5.99,3.0
56,0,5.19,3.0
33,0,5.99,3.0
19,0,5.89,3.0
4,0,6.29,3.0
5,0,6.29,3.0
16,0,6.39,3.0
31,0,5.79,3.0
10,0,6.39,3.0
71,0,5.7,3.0
79,0,5.74,3.0
59,0,5.79,3.0
57,0,5.79,3.0
63,0,5.79,3.0
100,0,5.0,3.0
50,0,5.95,3.0
41,0,5.99,3.0
121,1,5.07,3.0
135,1,5.02,3.0
110,1,5.04,3.0
21,0,5.99,5.13
51,0,5.99,5.13
217,0,5.54,5.13
29,0,6.29,5.13
39,0,5.0,3.0
28,0,6.29,3.0
44,0,6.27,3.0
33,1,5.12,3.0
16,1,6.35,3.0
25,0,6.34,3.0
44,0,6.35,3.0
17,0,6.33,5.13
17,0,6.29,3.0
132,0,5.99,3.0
19,0,6.49,5.14
14,0,6.39,2.99
25,0,6.39,2.99
78,0,6.29,5.14
84,0,5.0,2.99
155,1,4.77,2.99
15,0,5.99,2.99
130,1,5.08,2.99
13,0,6.25,5.14
35,0,6.28,5.14
109,0,5.0,2.99
23,0,6.06,2.99
29,0,6.19,2.99
72,1,5.07,2.99
188,1,5.02,2.99
33,0,5.5,2.99
33,0,5.5,2.99
177,0,5.01,5.14
36,0,5.73,5.14
148,0,5.0,2.99
89,0,6.26,2.99
34,0,6.24,5.14
77,0,5.5,2.99
58,0,4.98,5.15
28,0,6.29,2.98
46,0,6.19,5.15
34,0,5.07,2.98
10,0,5.89,2.98
113,1,5.06,2.98
31,0,5.99,5.15
38,0,5.96,5.15
40,0,6.28,5.15
10,0,6.31,2.98
198,0,4.99,2.98
187,0,5.69,5.15
63,0,6.25,5.15
63,0,6.25,5.15
34,0,5.99,5.15
71,0,6.25,5.15
227,0,6.29,5.15
241,0,5.24,5.15
58,0,6.25,5.15
21,0,6.29,5.15
64,0,6.24,5.15
22,0,6.35,5.15
124,1,5.35,5.15
124,1,5.04,5.15
47,0,5.0,2.97
212,1,4.7,2.97
153,1,5.42,5.16
35,0,6.3,5.16
41,0,6.39,5.16
33,0,6.19,5.16
42,0,6.31,5.16
49,0,6.2,5.16
42,0,5.0,2.97
93,1,5.08,2.97
30,0,5.69,2.97
80,0,6.36,5.16
46,0,5.78,2.97
115,0,5.0,2.97
54,0,5.25,5.17
24,0,6.29,5.17
100,0,5.49,5.17
192,0,6.25,5.17
205,0,6.26,5.17
66,0,6.24,5.17
55,0,6.25,5.17
27,0,6.23,5.17
28,0,6.23,5.17
62,0,5.47,5.17
45,0,6.29,5.17
28,0,6.23,5.17
20,0,6.3,5.17
140,1,5.65,5.17
26,0,6.34,5.17
71,1,5.07,2.96
25,0,6.39,5.17
110,0,5.99,2.96
25,0,6.32,5.17
24,0,6.31,5.17
29,0,6.49,5.17
32,0,5.99,5.18
29,0,5.79,2.95
59,0,6.28,5.18
240,0,5.65,5.18
24,0,6.39,5.18
36,0,6.39,5.18
79,0,6.39,5.18
56,0,6.21,5.18
23,0,6.49,5.18
64,0,5.65,2.95
18,0,5.99,5.18
185,0,5.14,5.18
43,0,6.25,5.18
57,0,6.24,5.18
270,0,5.17,5.18
46,0,6.29,2.95
50,1,5.07,2.95
125,0,5.47,2.95
71,0,5.06,2.95
44,0,6.09,2.95
76,0,5.99,2.95
45,0,5.89,2.95
47,0,5.82,2.95
130,1,5.03,2.95
75,1,5.1,2.95
238,1,5.04,2.95
40,0,6.34,5.19
211,0,5.0,2.94
140,0,5.06,2.94
92,1,5.02,2.94
67,0,5.56,2.94
200,0,5.01,2.94
89,0,4.68,5.19
20,0,5.68,5.19
46,1,6.49,5.19
35,1,6.49,5.19
32,1,6.49,5.19
43,0,6.49,5.19
31,0,6.49,5.19
53,1,6.49,5.19
46,0,6.49,5.19
77,1,6.49,5.19
71,1,5.56,5.19
25,1,6.49,5.19
35,0,6.23,5.19
231,0,5.0,5.19
62,0,6.29,5.19
275,0,6.25,5.19
167,0,5.65,5.19
20,0,6.22,5.19
47,0,6.29,5.19
371,0,5.44,5.19
75,1,5.7,5.19
53,0,6.25,5.19
30,0,6.24,5.19
41,0,6.32,5.19
189,0,5.05,2.93
57,0,6.35,5.2
25,0,6.49,5.2
50,1,5.0,2.93
76,1,5.1,2.93
27,0,5.63,2.93
162,1,5.08,2.93
95,0,5.0,2.93
41,0,6.31,5.2
9,0,5.79,2.93
70,0,5.99,2.93
32,0,6.09,2.93
213,0,5.19,5.21
174,0,6.26,5.21
34,0,6.32,5.21
39,0,6.32,5.21
126,1,5.38,5.21
32,0,5.99,2.92
33,0,6.31,5.21
26,0,6.26,5.21
35,0,5.69,2.92
133,1,5.0,5.22
120,1,5.75,5.22
204,0,6.29,5.22
107,0,5.88,5.22
99,0,6.3,5.22
240,0,5.83,5.22
99,0,6.36,5.22
35,0,5.69,2.91
31,0,6.49,2.91
31,0,6.29,2.91
28,0,5.9,2.9
10,0,5.29,2.9
57,0,4.98,5.23
158,0,5.57,5.23
56,0,6.28,5.23
90,0,6.36,5.23
13,0,6.28,5.23
36,0,6.29,2.9
114,0,4.99,2.9
14,0,6.39,5.24
104,1,4.71,2.89
30,0,6.49,5.24
63,0,6.34,5.24
148,1,5.64,5.24
159,0,5.0,2.89
41,0,5.89,2.89
62,0,6.43,5.25
51,0,6.49,5.25
139,1,4.99,2.88
110,1,5.01,2.88
318,0,6.37,5.25
102,0,2.5,2.87
43,0,6.3,5.26
41,0,6.29,5.26
62,0,6.29,5.26
45,0,6.28,5.26
16,0,6.29,2.87
139,1,4.99,2.87
163,1,5.28,5.26
23,0,6.32,5.26
26,1,4.99,2.86
130,0,5.25,5.27
21,0,6.28,5.27
31,0,5.89,2.86
33,0,6.49,5.27
45,0,6.49,5.27
74,0,6.49,5.27
20,0,6.45,5.27
74,1,5.84,5.27
55,0,5.79,2.86
12,0,5.79,2.86
8,0,5.79,2.86
121,0,6.36,5.28
280,0,5.02,5.28
26,0,6.39,5.28
47,0,6.35,5.28
23,0,6.29,2.85
104,1,5.05,2.85
151,1,4.99,2.85
23,0,6.29,2.85
41,1,6.49,5.28
20,0,6.49,5.28
51,0,6.49,2.85
52,0,6.26,5.28
96,1,5.02,2.85
25,0,6.34,5.28
98,0,5.13,2.84
35,0,6.47,5.29
18,0,6.39,5.29
85,0,6.35,5.29
266,0,5.84,5.29
41,0,6.37,5.29
112,0,6.39,5.29
190,1,5.86,5.29
150,0,5.27,5.29
42,0,6.43,5.3
100,0,5.02,2.83
156,0,5.55,5.3
44,0,6.29,5.3
61,0,6.26,5.3
40,0,6.29,5.3
92,0,5.99,2.83
54,1,5.73,5.3
97,0,6.35,5.3
39,0,5.99,2.83
21,1,5.0,5.3
27,0,5.46,2.83
53,0,5.79,2.82
97,0,5.29,5.31
21,0,5.79,2.82
150,0,6.29,5.31
44,0,6.33,5.31
30,0,6.19,2.82
210,0,6.34,2.82
111,1,5.77,2.81
120,0,6.36,2.81
347,1,3.99,5.32
111,0,6.29,2.81
59,0,6.36,2.81
21,0,6.29,5.32
54,0,5.99,2.81
228,0,5.25,5.33
56,0,6.42,5.33
37,0,5.89,2.8
19,1,6.49,2.8
58,1,6.0,2.8
88,1,5.25,2.8
110,0,4.98,2.8
173,0,6.36,2.79
41,0,6.19,2.79
15,0,6.17,2.79
48,0,5.79,2.79
17,0,6.27,5.34
44,0,6.49,5.34
25,0,6.49,5.34
29,0,6.49,5.34
182,0,5.03,2.79
96,0,5.83,5.35
34,1,5.0,2.78
47,1,5.0,2.78
145,0,6.28,2.78
43,0,5.5,2.78
42,1,5.78,2.78
183,1,4.91,2.78
94,1,5.42,5.35
35,0,6.49,2.77
36,0,5.89,2.77
55,0,6.21,2.77
60,0,6.49,5.37
31,1,6.49,5.37
39,1,5.13,2.75
39,0,6.37,2.75
62,1,5.93,2.75
100,1,4.5,2.75
78,1,5.5,2.75
64,1,5.95,2.75
93,1,5.63,2.75
193,1,5.05,2.75
110,1,5.97,2.75
34,1,6.32,2.75
67,1,5.77,2.75
50,1,6.36,2.75
46,1,6.36,2.75
37,1,5.84,2.75
223,0,6.42,2.75
38,0,6.33,2.75
41,0,6.34,2.75
47,0,6.34,2.75
181,1,4.5,2.75
122,1,6.01,2.75
61,0,6.35,2.75
236,1,4.5,2.75
69,1,6.34,2.75
157,1,4.94,2.75
46,1,6.37,2.75
332,1,4.5,2.75
100,1,6.42,2.75
93,0,6.42,2.75
337,1,4.5,2.75
314,1,4.92,2.75
304,1,5.02,2.75
188,0,6.41,2.75
284,1,4.89,2.75
63,0,6.28,2.75
25,0,6.21,2.75
293,1,4.05,5.39
53,1,6.49,5.39
37,0,5.69,2.73
42,0,6.49,5.4
43,0,6.49,5.4
17,0,6.29,2.73
11,0,6.29,2.73
41,1,5.96,2.73
236,1,4.5,2.73
108,1,5.72,2.73
35,1,6.36,2.73
146,0,6.36,2.73
73,0,5.99,2.73
56,1,6.34,2.73
234,1,4.96,2.73
14,0,6.22,2.72
29,0,5.67,2.72
39,0,5.79,2.72
64,0,5.99,2.72
18,0,5.97,2.72
41,0,6.29,2.72
32,1,6.36,2.71
60,0,5.79,2.7
62,0,5.01,2.69
62,0,5.69,2.69
21,0,5.89,2.69
102,0,5.03,2.68
50,0,5.69,2.67
41,0,5.79,2.67
335,1,5.0,2.67
28,0,6.11,2.66
79,0,4.99,2.65
11,0,6.29,2.64
45,0,5.23,2.63
44,0,6.49,2.62
54,0,4.99,2.61
14,0,5.99,2.6
28,0,5.79,2.59
38,0,5.69,2.57
32,0,5.79,2.56
21,0,6.39,2.55
25,0,5.79,2.54
109,1,5.02,2.53
25,0,6.14,2.52
11,0,5.36,2.52
2,0,5.89,2.51
13,0,5.79,2.5
32,0,5.0,2.5
19,0,5.0,2.5
38,0,5.0,2.5
13,0,6.39,2.5
67,0,6.34,2.5
20,1,6.34,2.5
11,0,5.99,2.5
70,0,6.34,2.5
28,1,6.49,2.5
53,1,5.05,2.5
36,1,6.34,2.5
73,1,5.0,2.5
35,1,5.1,2.5
7,0,6.29,2.5
20,0,5.79,2.5
42,0,5.0,2.5
40,1,4.99,2.5
33,1,6.34,2.5
7,0,6.39,2.5
109,0,6.36,2.5
67,1,6.37,2.5
105,0,5.0,2.5
113,0,6.35,2.5
43,0,6.36,2.5
86,1,5.09,2.5
17,0,6.39,2.49
175,0,5.0,2.49
26,0,5.69,2.49
7,0,5.79,2.48
16,0,5.0,2.48
45,0,5.79,2.48
34,0,5.79,2.47
75,0,5.08,2.47
75,0,5.74,2.46
24,0,5.99,2.44
101,1,5.03,2.4
15,0,5.79,2.4
44,0,5.89,2.31
30,0,5.79,2.29
55,0,6.49,2.27
59,0,5.89,2.25
3,0,5.79,2.25
39,0,5.99,2.21
32,0,5.24,2.08
45,0,3.3,2.03
108,0,5.89,1.91
42,0,5.89,1.9
31,0,2.75,1.9
31,0,2.75,1.88
21,0,2.75,1.87
29,0,2.75,1.87
31,0,2.89,1.87
8,0,2.75,1.87
50,1,2.5,1.87
30,0,2.75,1.87
60,0,2.69,1.75
62,0,2.69,1.74
65,0,2.69,1.74
23,0,2.77,1.53
20,0,2.76,1.45
12,0,5.89,1.31
16,0,5.89,1.26
61,1,2.55,1.11
